,Postcode,Suburb Name,Recent Sales,Suburb Link,Street Address,Latitude,Longitude,Property Type,Beds,Baths,Cars,Sold Price,Sold Date,Property Link
0,2607,Isaacs,45,https://www.auhouseprices.com/sold/list/ACT/2607/Isaacs/,36 Shepherdson Place ,-35.3792106,149.1170525,house,4,2,2,"$1,361,000",6 Mar 2021,https://www.auhouseprices.com/sold/view/ACT/341455070/36+Shepherdson+Place%2C+Isaacs+ACT/
1,2607,Isaacs,45,https://www.auhouseprices.com/sold/list/ACT/2607/Isaacs/,104 Julia Flynn Avenue ,-35.3713421,149.1120446,townhouse,4,2,2,"$900,000",12 Feb 2021,https://www.auhouseprices.com/sold/view/ACT/341037670/104+Julia+Flynn+Avenue%2C+Isaacs+ACT/
2,2607,Isaacs,45,https://www.auhouseprices.com/sold/list/ACT/2607/Isaacs/,8/3 Hansen Circuit ,-35.3716182,149.1110100,townhouse,3,2,2,"$750,000",10 Dec 2020,https://www.auhouseprices.com/sold/view/ACT/341713960/8-3+Hansen+Circuit%2C+Isaacs+ACT/
3,2607,Isaacs,45,https://www.auhouseprices.com/sold/list/ACT/2607/Isaacs/,9/45 Alexander Mackie Circuit ,-35.3747944,149.1136745,townhouse,3,2,2,"$820,000",4 Dec 2020,https://www.auhouseprices.com/sold/view/ACT/341728860/9-45+Alexander+Mackie+Circuit%2C+Isaacs+ACT/
4,2607,Isaacs,45,https://www.auhouseprices.com/sold/list/ACT/2607/Isaacs/,12 Walton Street ,-35.3728827,149.1134201,house,3,2,2,"$840,000",27 Oct 2020,https://www.auhouseprices.com/sold/view/ACT/341078050/12+Walton+Street%2C+Isaacs+ACT/
5,2607,Isaacs,45,https://www.auhouseprices.com/sold/list/ACT/2607/Isaacs/,7 Boehm Close ,-35.3626859,149.1088403,house,4,2,2,"$815,000",16 Oct 2020,https://www.auhouseprices.com/sold/view/ACT/341519850/7+Boehm+Close%2C+Isaacs+ACT/
6,2607,Isaacs,45,https://www.auhouseprices.com/sold/list/ACT/2607/Isaacs/,23 Adkinson Close ,-35.3622819,149.1102934,house,4,2,2,"$1,075,000",10 Oct 2020,https://www.auhouseprices.com/sold/view/ACT/341570850/23+Adkinson+Close%2C+Isaacs+ACT/
7,2607,Isaacs,45,https://www.auhouseprices.com/sold/list/ACT/2607/Isaacs/,1 Walton Street ,-35.3720321,149.1136070,house,4,2,2,"$977,500",26 Sep 2020,https://www.auhouseprices.com/sold/view/ACT/341919550/1+Walton+Street%2C+Isaacs+ACT/
8,2607,Isaacs,45,https://www.auhouseprices.com/sold/list/ACT/2607/Isaacs/,8/28 Ringrose Crescent ,-35.3672177,149.1105656,townhouse,3,2,1,"$523,000",25 Sep 2020,https://www.auhouseprices.com/sold/view/ACT/341186550/8-28+Ringrose+Crescent%2C+Isaacs+ACT/
9,2607,Isaacs,45,https://www.auhouseprices.com/sold/list/ACT/2607/Isaacs/,1/4 Kilgour Place ,-35.3764726,149.1180461,townhouse,4,2,2,"$930,000",25 Sep 2020,https://www.auhouseprices.com/sold/view/ACT/341921650/1-4+Kilgour+Place%2C+Isaacs+ACT/
10,2607,Isaacs,45,https://www.auhouseprices.com/sold/list/ACT/2607/Isaacs/,6 Rosson Place ,-35.3722683,149.1127141,townhouse,3,2,2,"$702,000",21 Sep 2020,https://www.auhouseprices.com/sold/view/ACT/341970550/6+Rosson+Place%2C+Isaacs+ACT/
11,2607,Isaacs,45,https://www.auhouseprices.com/sold/list/ACT/2607/Isaacs/,44 Rowntree Crescent ,-35.3750133,149.1158201,house,5,3,2,"$1,140,000",5 Sep 2020,https://www.auhouseprices.com/sold/view/ACT/341865240/44+Rowntree+Crescent%2C+Isaacs+ACT/
12,2607,Isaacs,45,https://www.auhouseprices.com/sold/list/ACT/2607/Isaacs/,3 Hoy Place ,-35.3581022,149.1117187,house,4,2,2,"$1,200,000",29 Aug 2020,https://www.auhouseprices.com/sold/view/ACT/341554140/3+Hoy+Place%2C+Isaacs+ACT/
13,2607,Isaacs,45,https://www.auhouseprices.com/sold/list/ACT/2607/Isaacs/,14 Ringrose Crescent ,-35.3657978,149.1108032,house,3,2,2,"$770,000",28 Aug 2020,https://www.auhouseprices.com/sold/view/ACT/341923140/14+Ringrose+Crescent%2C+Isaacs+ACT/
14,2607,Isaacs,45,https://www.auhouseprices.com/sold/list/ACT/2607/Isaacs/,3 Story Place ,-35.3581543,149.1107362,house,5,3,2,"$1,275,000",24 Aug 2020,https://www.auhouseprices.com/sold/view/ACT/341437040/3+Story+Place%2C+Isaacs+ACT/
15,2607,Isaacs,45,https://www.auhouseprices.com/sold/list/ACT/2607/Isaacs/,25 Adkinson Close ,-35.3620600,149.1101700,house,4,2,2,"$1,070,000",22 Aug 2020,https://www.auhouseprices.com/sold/view/ACT/341284040/25+Adkinson+Close%2C+Isaacs+ACT/
16,2607,Isaacs,45,https://www.auhouseprices.com/sold/list/ACT/2607/Isaacs/,25 Walton Street ,-35.3731580,149.1143000,house,4,2,2,"$928,000",1 Aug 2020,https://www.auhouseprices.com/sold/view/ACT/341774740/25+Walton+Street%2C+Isaacs+ACT/
17,2607,Isaacs,45,https://www.auhouseprices.com/sold/list/ACT/2607/Isaacs/,13/60 Hansen Circuit ,-35.3724204,149.1117907,townhouse,3,2,2,"$725,000",1 Aug 2020,https://www.auhouseprices.com/sold/view/ACT/341124740/13-60+Hansen+Circuit%2C+Isaacs+ACT/
18,2607,Isaacs,45,https://www.auhouseprices.com/sold/list/ACT/2607/Isaacs/,13/60 Hansen Circuit ,-35.3724204,149.1117907,townhouse,3,2,2,"$725,000",1 Aug 2020,https://www.auhouseprices.com/sold/view/ACT/341414740/13-60+Hansen+Circuit%2C+Isaacs+ACT/
19,2607,Isaacs,45,https://www.auhouseprices.com/sold/list/ACT/2607/Isaacs/,65 Julia Flynn Avenue ,-35.3671207,149.1129947,house,4,2,2,"$1,220,000",9 Jul 2020,https://www.auhouseprices.com/sold/view/ACT/341252529/65+Julia+Flynn+Avenue%2C+Isaacs+ACT/
20,2607,Isaacs,45,https://www.auhouseprices.com/sold/list/ACT/2607/Isaacs/,12 Bromby Street ,-35.3623999,149.1076663,house,4,2,2,"$1,010,000",7 Jul 2020,https://www.auhouseprices.com/sold/view/ACT/341710429/12+Bromby+Street%2C+Isaacs+ACT/
21,2607,Isaacs,45,https://www.auhouseprices.com/sold/list/ACT/2607/Isaacs/,3 Rosson Place ,-35.3724020,149.1130800,house,4,2,2,"$730,000",13 Jun 2020,https://www.auhouseprices.com/sold/view/ACT/341650129/3+Rosson+Place%2C+Isaacs+ACT/
22,2607,Isaacs,45,https://www.auhouseprices.com/sold/list/ACT/2607/Isaacs/,35 Shepherdson Place ,-35.3788220,149.1171083,house,4,2,2,"$1,107,000",7 May 2020,https://www.auhouseprices.com/sold/view/ACT/341129729/35+Shepherdson+Place%2C+Isaacs+ACT/
23,2607,Isaacs,45,https://www.auhouseprices.com/sold/list/ACT/2607/Isaacs/,6 Treacy Place ,-35.3737561,149.1150278,house,5,3,2,"$1,100,000",30 Apr 2020,https://www.auhouseprices.com/sold/view/ACT/341043729/6+Treacy+Place%2C+Isaacs+ACT/
24,2607,Isaacs,45,https://www.auhouseprices.com/sold/list/ACT/2607/Isaacs/,1/92 Julia Flynn Avenue ,-35.3698507,149.1107872,townhouse,3,2,2,"$584,000",3 Apr 2020,https://www.auhouseprices.com/sold/view/ACT/341530419/1-92+Julia+Flynn+Avenue%2C+Isaacs+ACT/
25,2607,Isaacs,45,https://www.auhouseprices.com/sold/list/ACT/2607/Isaacs/,3/102 Julia Flynn Avenue ,-35.3711979,149.1115872,townhouse,3,2,2,"$669,000",27 Mar 2020,https://www.auhouseprices.com/sold/view/ACT/341368319/3-102+Julia+Flynn+Avenue%2C+Isaacs+ACT/
26,2607,Isaacs,45,https://www.auhouseprices.com/sold/list/ACT/2607/Isaacs/,9 Taplin Place ,-35.3617230,149.1108071,house,3,2,2,"$1,100,000",25 Mar 2020,https://www.auhouseprices.com/sold/view/ACT/341766319/9+Taplin+Place%2C+Isaacs+ACT/
27,2607,Isaacs,45,https://www.auhouseprices.com/sold/list/ACT/2607/Isaacs/,51 Julia Flynn Avenue ,-35.3656200,149.1127200,house,4,3,2,"$975,000",21 Mar 2020,https://www.auhouseprices.com/sold/view/ACT/341968219/51+Julia+Flynn+Avenue%2C+Isaacs+ACT/
28,2607,Isaacs,45,https://www.auhouseprices.com/sold/list/ACT/2607/Isaacs/,13 Kaeppel Place ,-35.3685672,149.1158499,house,5,3,2,"$1,200,000",21 Mar 2020,https://www.auhouseprices.com/sold/view/ACT/341587219/13+Kaeppel+Place%2C+Isaacs+ACT/
29,2607,Isaacs,45,https://www.auhouseprices.com/sold/list/ACT/2607/Isaacs/,19 Rule Street ,-35.3699551,149.1127825,house,3,2,2,"$650,000",19 Mar 2020,https://www.auhouseprices.com/sold/view/ACT/341894219/19+Rule+Street%2C+Isaacs+ACT/
30,2607,Isaacs,45,https://www.auhouseprices.com/sold/list/ACT/2607/Isaacs/,5 Story Street ,-35.3579898,149.1108639,house,5,3,5,"$1,478,000",26 Feb 2020,https://www.auhouseprices.com/sold/view/ACT/341171919/5+Story+Street%2C+Isaacs+ACT/
31,2607,Isaacs,45,https://www.auhouseprices.com/sold/list/ACT/2607/Isaacs/,6 Taber Place ,-35.3754300,149.1181000,house,4,2,2,"$1,040,000",15 Feb 2020,https://www.auhouseprices.com/sold/view/ACT/341716719/6+Taber+Place%2C+Isaacs+ACT/
32,2607,Isaacs,45,https://www.auhouseprices.com/sold/list/ACT/2607/Isaacs/,8 Gratton Place ,-35.3651791,149.1111282,house,3,2,2,"$668,000",1 Feb 2020,https://www.auhouseprices.com/sold/view/ACT/341086509/8+Gratton+Place%2C+Isaacs+ACT/
33,2607,Isaacs,45,https://www.auhouseprices.com/sold/list/ACT/2607/Isaacs/,22/28 Ringrose Crescent ,-35.3672177,149.1105656,townhouse,3,2,1,"$540,000",31 Jan 2020,https://www.auhouseprices.com/sold/view/ACT/341820619/22-28+Ringrose+Crescent%2C+Isaacs+ACT/
34,2607,Isaacs,45,https://www.auhouseprices.com/sold/list/ACT/2607/Isaacs/,4/23 Shepherdson Place ,-35.3772810,149.1159483,townhouse,4,2,2,"$800,000",30 Jan 2020,https://www.auhouseprices.com/sold/view/ACT/341824509/4-23+Shepherdson+Place%2C+Isaacs+ACT/
35,2607,Isaacs,45,https://www.auhouseprices.com/sold/list/ACT/2607/Isaacs/,1 Gratton Place ,-35.3654750,149.1112000,house,4,2,2,"$800,000",14 Dec 2019,https://www.auhouseprices.com/sold/view/ACT/341581009/1+Gratton+Place%2C+Isaacs+ACT/
36,2607,Isaacs,45,https://www.auhouseprices.com/sold/list/ACT/2607/Isaacs/,3 Buntine Crescent ,-35.3714477,149.1140321,house,4,2,2,"$815,000",6 Dec 2019,https://www.auhouseprices.com/sold/view/ACT/341984809/3+Buntine+Crescent%2C+Isaacs+ACT/
37,2607,Isaacs,45,https://www.auhouseprices.com/sold/list/ACT/2607/Isaacs/,8 Whitty Crescent ,-35.3595472,149.1104753,house,4,2,3,"$1,100,000",12 Nov 2019,https://www.auhouseprices.com/sold/view/ACT/341659399/8+Whitty+Crescent%2C+Isaacs+ACT/
38,2607,Isaacs,45,https://www.auhouseprices.com/sold/list/ACT/2607/Isaacs/,12 Buntine Crescent ,-35.3705400,149.1144100,house,3,2,2,"$965,000",9 Nov 2019,https://www.auhouseprices.com/sold/view/ACT/341805399/12+Buntine+Crescent%2C+Isaacs+ACT/
39,2607,Isaacs,45,https://www.auhouseprices.com/sold/list/ACT/2607/Isaacs/,14 Buntine Crescent ,-35.3702240,149.1143200,house,4,2,2,"$1,127,000",9 Nov 2019,https://www.auhouseprices.com/sold/view/ACT/341225399/14+Buntine+Crescent%2C+Isaacs+ACT/
40,2607,Isaacs,45,https://www.auhouseprices.com/sold/list/ACT/2607/Isaacs/,35 Whitty Crescent ,-35.3594550,149.1115100,house,6,4,3,"$1,400,000",9 Nov 2019,https://www.auhouseprices.com/sold/view/ACT/341714399/35+Whitty+Crescent%2C+Isaacs+ACT/
41,2607,Isaacs,45,https://www.auhouseprices.com/sold/list/ACT/2607/Isaacs/,41 Rule Street ,-35.3709911,149.1133378,house,3,2,2,"$785,000",8 Nov 2019,https://www.auhouseprices.com/sold/view/ACT/341295399/41+Rule+Street%2C+Isaacs+ACT/
42,2607,Isaacs,45,https://www.auhouseprices.com/sold/list/ACT/2607/Isaacs/,3 Rooney Place ,-35.3737162,149.1167878,house,6,4,2,"$1,300,000",8 Nov 2019,https://www.auhouseprices.com/sold/view/ACT/341043399/3+Rooney+Place%2C+Isaacs+ACT/
43,2607,Isaacs,45,https://www.auhouseprices.com/sold/list/ACT/2607/Isaacs/,2 Chapple Close ,-35.3674300,149.1148400,house,5,3,3,"$1,310,000",19 Oct 2019,https://www.auhouseprices.com/sold/view/ACT/341004099/2+Chapple+Close%2C+Isaacs+ACT/
44,2607,Isaacs,45,https://www.auhouseprices.com/sold/list/ACT/2607/Isaacs/,2 Kane Place ,-35.3693717,149.1126352,house,3,2,2,"$700,000",28 Sep 2019,https://www.auhouseprices.com/sold/view/ACT/341485799/2+Kane+Place%2C+Isaacs+ACT/
45,2607,Isaacs,45,https://www.auhouseprices.com/sold/list/ACT/2607/Isaacs/,30 Rowntree Crescent ,-35.3762660,149.1167400,house,4,2,2,"$1,015,000",14 Sep 2019,https://www.auhouseprices.com/sold/view/ACT/341894599/30+Rowntree+Crescent%2C+Isaacs+ACT/
46,2607,Isaacs,45,https://www.auhouseprices.com/sold/list/ACT/2607/Isaacs/,4 Rowntree Crescent ,-35.3745913,149.1162383,house,4,3,3,"$1,500,000",14 Sep 2019,https://www.auhouseprices.com/sold/view/ACT/341704599/4+Rowntree+Crescent%2C+Isaacs+ACT/
47,2607,Isaacs,45,https://www.auhouseprices.com/sold/list/ACT/2607/Isaacs/,5/51 Alexander Mackie Circuit ,-35.3752263,149.1142375,townhouse,3,2,2,"$775,000",26 Aug 2019,https://www.auhouseprices.com/sold/view/ACT/341406489/5-51+Alexander+Mackie+Circuit%2C+Isaacs+ACT/
48,2607,Isaacs,45,https://www.auhouseprices.com/sold/list/ACT/2607/Isaacs/,28/28 Ringrose Crescent ,-35.3672177,149.1105656,townhouse,3,2,1,"$537,000",21 Aug 2019,https://www.auhouseprices.com/sold/view/ACT/341314289/28-28+Ringrose+Crescent%2C+Isaacs+ACT/
49,2607,Isaacs,45,https://www.auhouseprices.com/sold/list/ACT/2607/Isaacs/,5 Walton Street ,-35.3724140,149.1137600,house,3,2,2,"$860,000",15 Aug 2019,https://www.auhouseprices.com/sold/view/ACT/341967189/5+Walton+Street%2C+Isaacs+ACT/
50,2607,Isaacs,45,https://www.auhouseprices.com/sold/list/ACT/2607/Isaacs/,5/92 Julia Flynn Avenue ,-35.3699180,149.1110020,house,3,2,2,"$600,000",2 Aug 2019,https://www.auhouseprices.com/sold/view/ACT/341114089/5-92+Julia+Flynn+Avenue%2C+Isaacs+ACT/
51,2607,Isaacs,45,https://www.auhouseprices.com/sold/list/ACT/2607/Isaacs/,36 Julia Flynn Avenue ,-35.3646720,149.1108630,house,4,2,2,"$850,000",3 Jul 2019,https://www.auhouseprices.com/sold/view/ACT/341893689/36+Julia+Flynn+Avenue%2C+Isaacs+ACT/
52,2607,Isaacs,45,https://www.auhouseprices.com/sold/list/ACT/2607/Isaacs/,12 Ringrose Crescent ,-35.3657510,149.1109430,house,4,2,2,"$805,000",29 Jun 2019,https://www.auhouseprices.com/sold/view/ACT/341718589/12+Ringrose+Crescent%2C+Isaacs+ACT/
53,2607,Isaacs,45,https://www.auhouseprices.com/sold/list/ACT/2607/Isaacs/,5 Edney Place ,-35.3760470,149.1157400,house,3,2,2,"$800,000",28 Jun 2019,https://www.auhouseprices.com/sold/view/ACT/341196589/5+Edney+Place%2C+Isaacs+ACT/
54,2607,Isaacs,45,https://www.auhouseprices.com/sold/list/ACT/2607/Isaacs/,5 Rosson Place ,-35.3726280,149.1130440,house,4,2,2,"$675,000",22 Jun 2019,https://www.auhouseprices.com/sold/view/ACT/341752589/5+Rosson+Place%2C+Isaacs+ACT/
55,2607,Isaacs,45,https://www.auhouseprices.com/sold/list/ACT/2607/Isaacs/,2 Boehm Close ,-35.3631210,149.1081090,house,3,2,2,"$737,000",15 Jun 2019,https://www.auhouseprices.com/sold/view/ACT/341437479/2+Boehm+Close%2C+Isaacs+ACT/
56,2607,Isaacs,45,https://www.auhouseprices.com/sold/list/ACT/2607/Isaacs/,66 William Wilkins Crescent ,-35.3635500,149.1115320,house,5,2,2,"$879,000",26 Apr 2019,https://www.auhouseprices.com/sold/view/ACT/341600979/66+William+Wilkins+Crescent%2C+Isaacs+ACT/
57,2607,Isaacs,45,https://www.auhouseprices.com/sold/list/ACT/2607/Isaacs/,4 Alanson Place ,-35.3602030,149.1117900,house,4,2,2,"$1,040,000",13 Apr 2019,https://www.auhouseprices.com/sold/view/ACT/341249779/4+Alanson+Place%2C+Isaacs+ACT/
58,2607,Isaacs,45,https://www.auhouseprices.com/sold/list/ACT/2607/Isaacs/,60 Ngunawal Drive ,-35.3574830,149.1104700,house,4,2,2,"$917,500",6 Apr 2019,https://www.auhouseprices.com/sold/view/ACT/341640779/60+Ngunawal+Drive%2C+Isaacs+ACT/
59,2607,Isaacs,45,https://www.auhouseprices.com/sold/list/ACT/2607/Isaacs/,4 Venables Place ,-35.3663620,149.1116230,house,5,2,2,"$912,000",28 Mar 2019,https://www.auhouseprices.com/sold/view/ACT/341078579/4+Venables+Place%2C+Isaacs+ACT/
60,2607,Isaacs,45,https://www.auhouseprices.com/sold/list/ACT/2607/Isaacs/,33 Whitty Crescent ,-35.3592540,149.1118250,house,6,4,7,"$1,600,000",22 Mar 2019,https://www.auhouseprices.com/sold/view/ACT/341361579/33+Whitty+Crescent%2C+Isaacs+ACT/
61,2607,Isaacs,45,https://www.auhouseprices.com/sold/list/ACT/2607/Isaacs/,2/70 William Wilkins Crescent ,-35.3641750,149.1115490,townhouse,3,2,2,"$785,000",21 Mar 2019,https://www.auhouseprices.com/sold/view/ACT/341480469/2-70+William+Wilkins+Crescent%2C+Isaacs+ACT/
62,2607,Isaacs,45,https://www.auhouseprices.com/sold/list/ACT/2607/Isaacs/,5 Rule Street ,-35.3690820,149.1121340,house,3,2,3,"$734,000",22 Feb 2019,https://www.auhouseprices.com/sold/view/ACT/341947669/5+Rule++Street%2C+Isaacs+ACT/
63,2607,Isaacs,45,https://www.auhouseprices.com/sold/list/ACT/2607/Isaacs/,5 Braim Place ,-35.3660550,149.1137580,house,4,3,4,"$1,250,000",11 Feb 2019,https://www.auhouseprices.com/sold/view/ACT/341392569/5+Braim+Place%2C+Isaacs+ACT/
64,2607,Isaacs,45,https://www.auhouseprices.com/sold/list/ACT/2607/Isaacs/,6/102 Julia Flynn Avenue ,-35.3711120,149.1117990,townhouse,3,2,2,"$720,000",18 Jan 2019,https://www.auhouseprices.com/sold/view/ACT/341528359/6-102+Julia+Flynn+Avenue%2C+Isaacs+ACT/
65,2607,Isaacs,45,https://www.auhouseprices.com/sold/list/ACT/2607/Isaacs/,8/3 Hansen Circuit ,-35.3719370,149.1113480,townhouse,3,2,2,"$722,500",13 Dec 2018,https://www.auhouseprices.com/sold/view/ACT/341108059/8-3+Hansen+Circuit%2C+Isaacs+ACT/
66,2607,Isaacs,45,https://www.auhouseprices.com/sold/list/ACT/2607/Isaacs/,1/3 Hansen Circuit ,-35.3719370,149.1113480,townhouse,4,2,2,"$770,000",22 Nov 2018,https://www.auhouseprices.com/sold/view/ACT/341823859/1-3+Hansen+Circuit%2C+Isaacs+ACT/
67,2607,Isaacs,45,https://www.auhouseprices.com/sold/list/ACT/2607/Isaacs/,11/28 Ringrose Crescent ,-35.3671120,149.1100760,townhouse,3,2,1,"$522,000",19 Oct 2018,https://www.auhouseprices.com/sold/view/ACT/341022349/11-28+Ringrose++Crescent%2C+Isaacs+ACT/
68,2607,Isaacs,45,https://www.auhouseprices.com/sold/list/ACT/2607/Isaacs/,15 Rowntree Crescent ,-35.3753360,149.1172770,house,4,2,2,"$964,300",16 Oct 2018,https://www.auhouseprices.com/sold/view/ACT/341658249/15+Rowntree+Crescent%2C+Isaacs+ACT/
69,2607,Isaacs,45,https://www.auhouseprices.com/sold/list/ACT/2607/Isaacs/,4/52 Hansen Circuit ,-35.3741010,149.1126200,townhouse,4,2,4,"$847,000",16 Oct 2018,https://www.auhouseprices.com/sold/view/ACT/341249449/4-52+Hansen+Circuit%2C+Isaacs+ACT/
70,2607,Isaacs,45,https://www.auhouseprices.com/sold/list/ACT/2607/Isaacs/,56 William Wilkins Crescent ,-35.3626480,149.1115000,house,3,2,2,"$821,000",6 Oct 2018,https://www.auhouseprices.com/sold/view/ACT/341033149/56+William+Wilkins+Crescent%2C+Isaacs+ACT/
71,2607,Isaacs,45,https://www.auhouseprices.com/sold/list/ACT/2607/Isaacs/,17 Walton Street ,-35.3732570,149.1136500,house,3,2,2,"$863,000",29 Sep 2018,https://www.auhouseprices.com/sold/view/ACT/341415849/17+Walton+Street%2C+Isaacs+ACT/
72,2607,Isaacs,45,https://www.auhouseprices.com/sold/list/ACT/2607/Isaacs/,14 Whitty Crescent ,-35.3590390,149.1108680,house,4,3,2,"$940,000",27 Sep 2018,https://www.auhouseprices.com/sold/view/ACT/341637649/14+Whitty+Crescent%2C+Isaacs+ACT/
73,2607,Isaacs,45,https://www.auhouseprices.com/sold/list/ACT/2607/Isaacs/,38 Rowntree Crescent ,-35.3754830,149.1162560,house,4,2,2,"$895,000",16 Sep 2018,https://www.auhouseprices.com/sold/view/ACT/341674339/38+Rowntree+Crescent%2C+Isaacs+ACT/
74,2607,Isaacs,45,https://www.auhouseprices.com/sold/list/ACT/2607/Isaacs/,98 Julia Flynn Avenue ,-35.3708120,149.1116710,house,3,2,2,"$550,000",16 Aug 2018,https://www.auhouseprices.com/sold/view/ACT/341561039/98+Julia+Flynn+Avenue%2C+Isaacs+ACT/
75,2607,Isaacs,45,https://www.auhouseprices.com/sold/list/ACT/2607/Isaacs/,5/11 Broinowski Place ,-35.3734300,149.1176600,house,4,2,2,"$970,000",11 Aug 2018,https://www.auhouseprices.com/sold/view/ACT/341426939/5-11+Broinowski+Place%2C+Isaacs+ACT/
76,2607,Isaacs,45,https://www.auhouseprices.com/sold/list/ACT/2607/Isaacs/,2 Gladman Close ,-35.3632060,149.1099370,house,3,2,2,"$650,000",Jun 2018,https://www.auhouseprices.com/sold/view/ACT/341921328/2+Gladman+Close%2C+Isaacs+ACT/
77,2607,Isaacs,45,https://www.auhouseprices.com/sold/list/ACT/2607/Isaacs/,1/28 Ringrose Crescent ,-35.3671120,149.1100760,townhouse,2,1,1,"$445,000",5 May 2018,https://www.auhouseprices.com/sold/view/ACT/341863928/1-28+Ringrose+Crescent%2C+Isaacs+ACT/
78,2607,Isaacs,45,https://www.auhouseprices.com/sold/list/ACT/2607/Isaacs/,5B Buntine Crescent ,-35.3710970,149.1139940,house,4,2,2,"$800,000",30 Apr 2018,https://www.auhouseprices.com/sold/view/ACT/341559828/5B+Buntine+Crescent%2C+Isaacs+ACT/
79,2607,Isaacs,45,https://www.auhouseprices.com/sold/list/ACT/2607/Isaacs/,5 Walton Street ,-35.3724140,149.1137600,house,3,2,2,"$775,000",20 Apr 2018,https://www.auhouseprices.com/sold/view/ACT/341095728/5+Walton+Street%2C+Isaacs+ACT/
80,2607,Isaacs,45,https://www.auhouseprices.com/sold/list/ACT/2607/Isaacs/,22 Ellwood Crescent ,-35.3648400,149.1085420,house,3,1,2,"$711,000",13 Apr 2018,https://www.auhouseprices.com/sold/view/ACT/341529628/22+Ellwood+Crescent%2C+Isaacs+ACT/
81,2607,Isaacs,45,https://www.auhouseprices.com/sold/list/ACT/2607/Isaacs/,9/2 Adkinson Close ,-35.3635260,149.1102270,townhouse,2,1,1,"$515,500",3 Apr 2018,https://www.auhouseprices.com/sold/view/ACT/341701518/9-2+Adkinson+Close%2C+Isaacs+ACT/
82,2607,Isaacs,45,https://www.auhouseprices.com/sold/list/ACT/2607/Isaacs/,1 Boehm Close ,-35.3627690,149.1084140,house,3,1,2,"$640,000",16 Mar 2018,https://www.auhouseprices.com/sold/view/ACT/341068218/1+Boehm+Close%2C+Isaacs+ACT/
83,2607,Isaacs,45,https://www.auhouseprices.com/sold/list/ACT/2607/Isaacs/,14/60 Hansen Circuit ,-35.3719370,149.1113980,townhouse,4,2,2,"$685,000",13 Dec 2017,https://www.auhouseprices.com/sold/view/ACT/341304308/14-60+Hansen+Circuit%2C+Isaacs+ACT/
84,2607,Isaacs,45,https://www.auhouseprices.com/sold/list/ACT/2607/Isaacs/,9/84 Julia Flynn Avenue ,-35.3688310,149.1110960,townhouse,3,2,2,"$620,000",12 Dec 2017,https://www.auhouseprices.com/sold/view/ACT/341283308/9-84+Julia+Flynn+Avenue%2C+Isaacs+ACT/
85,2607,Isaacs,45,https://www.auhouseprices.com/sold/list/ACT/2607/Isaacs/,71 William Wilkins Crescent ,-35.3635780,149.1122150,house,4,3,3,"$1,211,000",9 Dec 2017,https://www.auhouseprices.com/sold/view/ACT/341360208/71+William+Wilkins+Crescent%2C+Isaacs+ACT/
86,2607,Isaacs,45,https://www.auhouseprices.com/sold/list/ACT/2607/Isaacs/,"16/60 ""Pine Grove"" Hansen Circuit ",-35.3719370,149.1113980,townhouse,4,2,2,"$758,000",4 Nov 2017,https://www.auhouseprices.com/sold/view/ACT/341998708/16-60+%22Pine+Grove%22+Hansen+Circuit%2C+Isaacs+ACT/
87,2607,Isaacs,45,https://www.auhouseprices.com/sold/list/ACT/2607/Isaacs/,13 Alexander Mackie Circuit ,-35.3760590,149.1124250,house,4,2,2,"$850,000",25 Oct 2017,https://www.auhouseprices.com/sold/view/ACT/341191608/13+Alexander+Mackie+Circuit%2C+Isaacs+ACT/
88,2607,Isaacs,45,https://www.auhouseprices.com/sold/list/ACT/2607/Isaacs/,1/98-110 Julia Flynn Avenue ,-35.3716570,149.1126470,townhouse,3,2,2,"$550,000",20 Oct 2017,https://www.auhouseprices.com/sold/view/ACT/341576498/1-98-110+Julia+Flynn+Avenue%2C+Isaacs+ACT/
89,2607,Isaacs,45,https://www.auhouseprices.com/sold/list/ACT/2607/Isaacs/,20 Adkinson Close ,-35.3622730,149.1106760,house,4,2,2,"$950,000",23 Sep 2017,https://www.auhouseprices.com/sold/view/ACT/341812298/20+Adkinson+Close%2C+Isaacs+ACT/
90,2607,Isaacs,45,https://www.auhouseprices.com/sold/list/ACT/2607/Isaacs/,10 Rooney Place ,-35.3737340,149.1172110,house,4,3,2,"$1,175,000",22 Sep 2017,https://www.auhouseprices.com/sold/view/ACT/341473969/10+Rooney+Place%2C+Isaacs+ACT/
91,2607,Isaacs,45,https://www.auhouseprices.com/sold/list/ACT/2607/Isaacs/,37 Alexander Mackie Circuit ,-35.3744980,149.1124630,house,4,2,3,"$950,000",16 Sep 2017,https://www.auhouseprices.com/sold/view/ACT/341302198/37+Alexander+Mackie+Circuit%2C+Isaacs+ACT/
92,2607,Isaacs,45,https://www.auhouseprices.com/sold/list/ACT/2607/Isaacs/,1/129 Julia Flynn Avenue ,-35.3718900,149.1151960,other,3,2,1,"$560,000",29 Aug 2017,https://www.auhouseprices.com/sold/view/ACT/341562739/1-129+Julia+Flynn+Avenue%2C+Isaacs+ACT/
93,2607,Isaacs,45,https://www.auhouseprices.com/sold/list/ACT/2607/Isaacs/,5/23 Shepherdson Place ,-35.3772740,149.1157500,house,4,2,2,"$765,000",26 Aug 2017,https://www.auhouseprices.com/sold/view/ACT/341464898/5-23+Shepherdson+Place%2C+Isaacs+ACT/
94,2607,Isaacs,45,https://www.auhouseprices.com/sold/list/ACT/2607/Isaacs/,12 Boehm Close ,-35.3633100,149.1091500,house,3,2,2,"$725,000",19 Aug 2017,https://www.auhouseprices.com/sold/view/ACT/341177798/12+Boehm+Close%2C+Isaacs+ACT/
95,2607,Isaacs,45,https://www.auhouseprices.com/sold/list/ACT/2607/Isaacs/,1 Treacy Place ,-35.3730300,149.1147600,house,4,2,3,"$820,000",15 Jul 2017,https://www.auhouseprices.com/sold/view/ACT/341938388/1+Treacy+Place%2C+Isaacs+ACT/
96,2607,Isaacs,45,https://www.auhouseprices.com/sold/list/ACT/2607/Isaacs/,9 Davitt Close ,-35.3740650,149.1149700,house,4,2,2,"$773,000",17 Jun 2017,https://www.auhouseprices.com/sold/view/ACT/341389088/9+Davitt+Close%2C+Isaacs+ACT/
97,2607,Isaacs,45,https://www.auhouseprices.com/sold/list/ACT/2607/Isaacs/,33 Whitty Crescent ,-35.3592540,149.1118250,house,6,4,6,"$1,625,000",14 Jun 2017,https://www.auhouseprices.com/sold/view/ACT/341201188/33+Whitty+Crescent%2C+Isaacs+ACT/
98,2607,Isaacs,45,https://www.auhouseprices.com/sold/list/ACT/2607/Isaacs/,2/51 Alexander Mackie Circuit ,-35.3754590,149.1140890,townhouse,4,2,2,"$730,000",13 Jun 2017,https://www.auhouseprices.com/sold/view/ACT/341717088/2-51+Alexander+Mackie+Circuit%2C+Isaacs+ACT/
99,2607,Isaacs,45,https://www.auhouseprices.com/sold/list/ACT/2607/Isaacs/,1 Davitt Close ,-35.3737760,149.1142200,house,3,1,1,"$600,000",7 Jun 2017,https://www.auhouseprices.com/sold/view/ACT/341698988/1+Davitt+Close%2C+Isaacs+ACT/
100,2607,Isaacs,45,https://www.auhouseprices.com/sold/list/ACT/2607/Isaacs/,21 Maclagan Street ,-35.3681050,149.1143020,house,4,2,2,"$875,000",7 Jun 2017,https://www.auhouseprices.com/sold/view/ACT/341669988/21+Maclagan+Street%2C+Isaacs+ACT/
101,2607,Isaacs,45,https://www.auhouseprices.com/sold/list/ACT/2607/Isaacs/,3 Bee Place ,-35.3703810,149.1125670,house,3,2,2,"$699,000",2 Jun 2017,https://www.auhouseprices.com/sold/view/ACT/341976488/3+Bee+Place%2C+Isaacs+ACT/
102,2607,Isaacs,45,https://www.auhouseprices.com/sold/list/ACT/2607/Isaacs/,20/3 Shepherdson Place ,-35.3764530,149.1148190,townhouse,3,2,2,"$528,000",26 May 2017,https://www.auhouseprices.com/sold/view/ACT/341382708/20-3+Shepherdson+Place%2C+Isaacs+ACT/
103,2607,Isaacs,45,https://www.auhouseprices.com/sold/list/ACT/2607/Isaacs/,12B Hansen Circuit ,-35.3719940,149.1102400,house,3,2,1,"$630,000",20 May 2017,https://www.auhouseprices.com/sold/view/ACT/341126788/12B+Hansen+Circuit%2C+Isaacs+ACT/
104,2607,Isaacs,45,https://www.auhouseprices.com/sold/list/ACT/2607/Isaacs/,23 Ringrose Crescent ,-35.3671270,149.1118240,townhouse,3,2,2,"$600,000",10 May 2017,https://www.auhouseprices.com/sold/view/ACT/341321688/23+Ringrose+Crescent%2C+Isaacs+ACT/
105,2607,Isaacs,45,https://www.auhouseprices.com/sold/list/ACT/2607/Isaacs/,12 Walton Street ,-35.3728430,149.1133080,house,3,2,2,"$708,500",8 Apr 2017,https://www.auhouseprices.com/sold/view/ACT/341857278/12+Walton+Street%2C+Isaacs+ACT/
106,2607,Isaacs,45,https://www.auhouseprices.com/sold/list/ACT/2607/Isaacs/,27 Maclagan Street ,-35.3684120,149.1138300,house,5,3,2,"$945,000",8 Apr 2017,https://www.auhouseprices.com/sold/view/ACT/341008278/27+Maclagan+Street%2C+Isaacs+ACT/
107,2607,Isaacs,45,https://www.auhouseprices.com/sold/list/ACT/2607/Isaacs/,5 Kane Place ,-35.3689680,149.1129040,house,3,2,2,"$775,000",7 Apr 2017,https://www.auhouseprices.com/sold/view/ACT/341886278/5+Kane++Place%2C+Isaacs+ACT/
108,2607,Isaacs,45,https://www.auhouseprices.com/sold/list/ACT/2607/Isaacs/,6 Rowntree Crescent ,-35.3748080,149.1163730,house,4,3,2,"$940,000",1 Apr 2017,https://www.auhouseprices.com/sold/view/ACT/341798178/6+Rowntree+Crescent%2C+Isaacs+ACT/
109,2607,Isaacs,45,https://www.auhouseprices.com/sold/list/ACT/2607/Isaacs/,12 Reddall Close ,-35.3691720,149.1155640,house,4,2,4,"$825,000",25 Mar 2017,https://www.auhouseprices.com/sold/view/ACT/341669078/12+Reddall+Close%2C+Isaacs+ACT/
110,2607,Isaacs,45,https://www.auhouseprices.com/sold/list/ACT/2607/Isaacs/,7 Crook Place ,-35.3651960,149.1131400,house,5,3,3,"$1,182,000",25 Mar 2017,https://www.auhouseprices.com/sold/view/ACT/341311178/7+Crook+Place%2C+Isaacs+ACT/
111,2607,Isaacs,45,https://www.auhouseprices.com/sold/list/ACT/2607/Isaacs/,6 Kepert Place ,-35.3728320,149.1101310,house,4,2,2,"$935,000",21 Mar 2017,https://www.auhouseprices.com/sold/view/ACT/341103078/6+Kepert+Place%2C+Isaacs+ACT/
112,2607,Isaacs,45,https://www.auhouseprices.com/sold/list/ACT/2607/Isaacs/,11 Story Place ,-35.3571430,149.1111410,house,7,8,8,"$2,350,000",16 Mar 2017,https://www.auhouseprices.com/sold/view/ACT/341623978/11+Story+Place%2C+Isaacs+ACT/
113,2607,Isaacs,45,https://www.auhouseprices.com/sold/list/ACT/2607/Isaacs/,31/28 Ringrose Crescent ,-35.3671120,149.1100760,townhouse,3,2,1,"$495,000",8 Mar 2017,https://www.auhouseprices.com/sold/view/ACT/341844198/31-28+Ringrose+Crescent%2C+Isaacs+ACT/
114,2607,Isaacs,45,https://www.auhouseprices.com/sold/list/ACT/2607/Isaacs/,6/52 Hansen Circuit ,-35.3741010,149.1126200,house,4,2,2,"$705,000",2 Mar 2017,https://www.auhouseprices.com/sold/view/ACT/341142878/6-52+Hansen+Circuit%2C+Isaacs+ACT/
115,2607,Isaacs,45,https://www.auhouseprices.com/sold/list/ACT/2607/Isaacs/,10 Kaeppel Place ,-35.3683180,149.1151690,house,5,2,2,"$950,000",13 Feb 2017,https://www.auhouseprices.com/sold/view/ACT/341700578/10+Kaeppel+Place%2C+Isaacs+ACT/
116,2607,Isaacs,45,https://www.auhouseprices.com/sold/list/ACT/2607/Isaacs/,2 Edney Place ,-35.3755200,149.1158400,house,3,2,2,"$775,000",11 Feb 2017,https://www.auhouseprices.com/sold/view/ACT/341529468/2+Edney+Place%2C+Isaacs+ACT/
117,2607,Isaacs,45,https://www.auhouseprices.com/sold/list/ACT/2607/Isaacs/,69 Julia Flynn Avenue ,-35.3674890,149.1129690,house,5,3,3,"$1,000,000",13 Dec 2016,https://www.auhouseprices.com/sold/view/ACT/341968968/69+Julia+Flynn+Avenue%2C+Isaacs+ACT/
118,2607,Isaacs,45,https://www.auhouseprices.com/sold/list/ACT/2607/Isaacs/,3 Leeper Place ,-35.3712910,149.1126970,house,3,1,2,"$690,000",10 Dec 2016,https://www.auhouseprices.com/sold/view/ACT/341273968/3+Leeper+Place%2C+Isaacs+ACT/
119,2607,Isaacs,45,https://www.auhouseprices.com/sold/list/ACT/2607/Isaacs/,6/102 Julia Flynn Avenue ,-35.3711120,149.1117990,townhouse,3,2,2,"$640,000",6 Dec 2016,https://www.auhouseprices.com/sold/view/ACT/341959868/6-102+Julia+Flynn+Avenue%2C+Isaacs+ACT/
120,2607,Isaacs,45,https://www.auhouseprices.com/sold/list/ACT/2607/Isaacs/,10 Huffer Close ,-35.3725250,149.1170460,house,5,2,2,"$1,285,000",25 Nov 2016,https://www.auhouseprices.com/sold/view/ACT/341852768/10+Huffer+Close%2C+Isaacs+ACT/
121,2607,Isaacs,45,https://www.auhouseprices.com/sold/list/ACT/2607/Isaacs/,19 Alexander Mackie Circuit ,-35.3756990,149.1119050,house,4,2,2,"$955,000",12 Nov 2016,https://www.auhouseprices.com/sold/view/ACT/341983568/19+Alexander+Mackie+Circuit%2C+Isaacs+ACT/
122,2607,Isaacs,45,https://www.auhouseprices.com/sold/list/ACT/2607/Isaacs/,11 Ringrose Crescent ,-35.3664110,149.1112810,house,4,2,2,"$715,000",12 Nov 2016,https://www.auhouseprices.com/sold/view/ACT/341714568/11+Ringrose+Crescent%2C+Isaacs+ACT/
123,2607,Isaacs,45,https://www.auhouseprices.com/sold/list/ACT/2607/Isaacs/,11 William Wilkins Crescent ,-35.3619420,149.1082500,house,5,3,2,"$810,000",5 Nov 2016,https://www.auhouseprices.com/sold/view/ACT/341507458/11+William+Wilkins+Crescent%2C+Isaacs+ACT/
124,2607,Isaacs,45,https://www.auhouseprices.com/sold/list/ACT/2607/Isaacs/,3 Crook Place ,-35.3655900,149.1130290,house,4,2,2,"$880,000",15 Oct 2016,https://www.auhouseprices.com/sold/view/ACT/341898158/3++Crook++Place%2C+Isaacs+ACT/
125,2607,Isaacs,45,https://www.auhouseprices.com/sold/list/ACT/2607/Isaacs/,12/92 Julia Flynn Avenue ,-35.3699180,149.1110020,townhouse,3,2,2,"$497,500",4 Oct 2016,https://www.auhouseprices.com/sold/view/ACT/341637058/12-92+Julia+Flynn+Avenue%2C+Isaacs+ACT/
126,2607,Isaacs,45,https://www.auhouseprices.com/sold/list/ACT/2607/Isaacs/,55 Rowntree Crescent ,-35.3752960,149.1156440,house,4,2,2,"$835,000",24 Sep 2016,https://www.auhouseprices.com/sold/view/ACT/341366958/55+Rowntree+Crescent%2C+Isaacs+ACT/
127,2607,Isaacs,45,https://www.auhouseprices.com/sold/list/ACT/2607/Isaacs/,13 Walton Street ,-35.3729800,149.1138120,house,3,2,2,"$705,000",2 Sep 2016,https://www.auhouseprices.com/sold/view/ACT/341353969/13+Walton+Street%2C+Isaacs+ACT/
128,2607,Isaacs,45,https://www.auhouseprices.com/sold/list/ACT/2607/Isaacs/,1 Walton Street ,-35.3720610,149.1136990,house,4,2,2,"$795,000",6 Aug 2016,https://www.auhouseprices.com/sold/view/ACT/341219448/1+Walton+Street%2C+Isaacs+ACT/
129,2607,Isaacs,45,https://www.auhouseprices.com/sold/list/ACT/2607/Isaacs/,36 Buntine Crescent ,-35.3719890,149.1153170,other,3,2,1,"$505,000",27 Jul 2016,https://www.auhouseprices.com/sold/view/ACT/341272739/36+Buntine+Crescent%2C+Isaacs+ACT/
130,2607,Isaacs,45,https://www.auhouseprices.com/sold/list/ACT/2607/Isaacs/,2 Alexander Mackie Circuit ,-35.3756280,149.1131110,house,4,2,2,"$722,000",7 Jul 2016,https://www.auhouseprices.com/sold/view/ACT/341710148/2+Alexander+Mackie+Circuit%2C+Isaacs+ACT/
131,2607,Isaacs,45,https://www.auhouseprices.com/sold/list/ACT/2607/Isaacs/,7 Taplin Place ,-35.3618930,149.1108100,house,4,3,2,"$885,000",27 Feb 2016,https://www.auhouseprices.com/sold/view/ACT/341498838/7+Taplin+Place%2C+Isaacs+ACT/
132,2607,Isaacs,45,https://www.auhouseprices.com/sold/list/ACT/2607/Isaacs/,8 Whinham Place ,-35.3763100,149.1158600,house,3,1,2,"$710,000",13 Feb 2016,https://www.auhouseprices.com/sold/view/ACT/341122738/8+Whinham+Place%2C+Isaacs+ACT/
133,2607,Isaacs,45,https://www.auhouseprices.com/sold/list/ACT/2607/Isaacs/,31 Shepherdson Place ,-35.3783280,149.1169310,house,4,2,2,"$930,000",16 Dec 2015,https://www.auhouseprices.com/sold/view/ACT/341821427/31+Shepherdson+Place%2C+Isaacs+ACT/
134,2607,Isaacs,45,https://www.auhouseprices.com/sold/list/ACT/2607/Isaacs/,23 Hansen Circuit ,-35.3731070,149.1114880,house,3,2,2,"$670,000",16 Dec 2015,https://www.auhouseprices.com/sold/view/ACT/341763969/23+Hansen+Circuit%2C+Isaacs+ACT/
135,2607,Isaacs,45,https://www.auhouseprices.com/sold/list/ACT/2607/Isaacs/,5 Treacy Place ,-35.3733110,149.1151570,house,4,2,2,"$851,000",5 Dec 2015,https://www.auhouseprices.com/sold/view/ACT/341218227/5+Treacy+Place%2C+Isaacs+ACT/
136,2607,Isaacs,45,https://www.auhouseprices.com/sold/list/ACT/2607/Isaacs/,4 Rowntree Crescent ,-35.3746830,149.1161500,house,4,3,3,"$1,400,000",7 Nov 2015,https://www.auhouseprices.com/sold/view/ACT/341520517/4+Rowntree+Crescent%2C+Isaacs+ACT/
137,2607,Isaacs,45,https://www.auhouseprices.com/sold/list/ACT/2607/Isaacs/,9/60 Hansen Circ ,-35.3719370,149.1114000,townhouse,4,2,2,"$850,000",7 Nov 2015,https://www.auhouseprices.com/sold/view/ACT/341300517/9-60+Hansen+Circ%2C+Isaacs+ACT/
138,2607,Isaacs,45,https://www.auhouseprices.com/sold/list/ACT/2607/Isaacs/,19 Alexander Mackie Circuit ,-35.3756980,149.1119100,house,4,2,2,"$780,000",31 Oct 2015,https://www.auhouseprices.com/sold/view/ACT/341691517/19+Alexander+Mackie+Circuit%2C+Isaacs+ACT/
139,2607,Isaacs,45,https://www.auhouseprices.com/sold/list/ACT/2607/Isaacs/,37 Shepherdson Place ,-35.3790500,149.1174300,house,4,2,2,"$915,000",19 Oct 2015,https://www.auhouseprices.com/sold/view/ACT/341764317/37+Shepherdson+Place%2C+Isaacs+ACT/
140,2607,Isaacs,45,https://www.auhouseprices.com/sold/list/ACT/2607/Isaacs/,4 Kaeppel Place ,-35.3682900,149.1144900,house,4,3,2,"$1,100,000",15 Oct 2015,https://www.auhouseprices.com/sold/view/ACT/341199217/4+Kaeppel+Place%2C+Isaacs+ACT/
141,2607,Isaacs,45,https://www.auhouseprices.com/sold/list/ACT/2607/Isaacs/,42 Julia Flynn Avenue ,-35.3649980,149.1116500,house,4,2,2,"$735,000",13 Oct 2015,https://www.auhouseprices.com/sold/view/ACT/341817217/42+Julia+Flynn+Avenue%2C+Isaacs+ACT/
142,2607,Isaacs,45,https://www.auhouseprices.com/sold/list/ACT/2607/Isaacs/,2/3 Hansen Circuit ,-35.3719370,149.1113400,unit,3,2,2,"$632,500",10 Oct 2015,https://www.auhouseprices.com/sold/view/ACT/341254217/2-3+Hansen+Circuit%2C+Isaacs+ACT/
143,2607,Isaacs,45,https://www.auhouseprices.com/sold/list/ACT/2607/Isaacs/,8 Leeper Place ,-35.3706500,149.1124900,house,3,2,2,"$671,000",10 Oct 2015,https://www.auhouseprices.com/sold/view/ACT/341805217/8+Leeper+Place%2C+Isaacs+ACT/
144,2607,Isaacs,45,https://www.auhouseprices.com/sold/list/ACT/2607/Isaacs/,8/84 Julia Flynn Avenue ,-35.3688300,149.1111000,townhouse,3,2,2,"$500,000",30 Sep 2015,https://www.auhouseprices.com/sold/view/ACT/341307117/8-84+Julia+Flynn+Avenue%2C+Isaacs+ACT/
145,2607,Isaacs,45,https://www.auhouseprices.com/sold/list/ACT/2607/Isaacs/,11 Gladman Close ,-35.3631900,149.1110400,house,4,2,2,"$820,000",15 Sep 2015,https://www.auhouseprices.com/sold/view/ACT/341042017/11+Gladman+Close%2C+Isaacs+ACT/
146,2607,Isaacs,45,https://www.auhouseprices.com/sold/list/ACT/2607/Isaacs/,19 William Wilkins Crescent ,-35.3612820,149.1086300,house,4,3,3,"$845,000",12 Sep 2015,https://www.auhouseprices.com/sold/view/ACT/341847917/19+William+Wilkins+Crescent%2C+Isaacs+ACT/
147,2607,Isaacs,45,https://www.auhouseprices.com/sold/list/ACT/2607/Isaacs/,22 Alexander Mackie Circuit ,-35.3752560,149.1128500,house,4,2,2,"$725,000",7 Sep 2015,https://www.auhouseprices.com/sold/view/ACT/341612917/22+Alexander+Mackie+Circuit%2C+Isaacs+ACT/
148,2607,Isaacs,45,https://www.auhouseprices.com/sold/list/ACT/2607/Isaacs/,27 Rule Street ,-35.3702050,149.1132200,house,3,2,2,"$535,000",7 Sep 2015,https://www.auhouseprices.com/sold/view/ACT/341413917/27+Rule+Street%2C+Isaacs+ACT/
149,2607,Isaacs,45,https://www.auhouseprices.com/sold/list/ACT/2607/Isaacs/,2/28 Ringrose Crescent ,-35.3671100,149.1100800,townhouse,3,2,1,"$435,000",23 Jul 2015,https://www.auhouseprices.com/sold/view/ACT/341120407/2-28+Ringrose+Crescent%2C+Isaacs+ACT/
150,2607,Isaacs,45,https://www.auhouseprices.com/sold/list/ACT/2607/Isaacs/,5 William Wilkins Crescent ,-35.3627400,149.1078600,house,4,2,2,"$1,150,000",30 Jun 2015,https://www.auhouseprices.com/sold/view/ACT/341452307/5+William+Wilkins+Crescent%2C+Isaacs+ACT/
151,2607,Isaacs,45,https://www.auhouseprices.com/sold/list/ACT/2607/Isaacs/,45 Rule Street ,-35.3712770,149.1133400,house,3,2,2,"$620,000",25 Jun 2015,https://www.auhouseprices.com/sold/view/ACT/341736107/45+Rule+Street%2C+Isaacs+ACT/
152,2607,Isaacs,45,https://www.auhouseprices.com/sold/list/ACT/2607/Isaacs/,40 Shepherdson Place ,-35.3797950,149.1172800,house,4,2,4,"$920,000",18 Jun 2015,https://www.auhouseprices.com/sold/view/ACT/341569007/40+Shepherdson+Place%2C+Isaacs+ACT/
153,2607,Isaacs,45,https://www.auhouseprices.com/sold/list/ACT/2607/Isaacs/,9 Huffer Close ,-35.3720100,149.1168000,house,5,3,3,"$1,100,000",13 Jun 2015,https://www.auhouseprices.com/sold/view/ACT/341164007/9+Huffer+Close%2C+Isaacs+ACT/
154,2607,Isaacs,45,https://www.auhouseprices.com/sold/list/ACT/2607/Isaacs/,33 Rule Street ,-35.3705200,149.1133600,house,3,2,2,"$615,000",13 Jun 2015,https://www.auhouseprices.com/sold/view/ACT/341135007/33+Rule+Street%2C+Isaacs+ACT/
155,2607,Isaacs,45,https://www.auhouseprices.com/sold/list/ACT/2607/Isaacs/,10 Davitt Close ,-35.3743060,149.1138900,house,4,2,2,"$630,000",13 Jun 2015,https://www.auhouseprices.com/sold/view/ACT/341044007/10+Davitt+Close%2C+Isaacs+ACT/
156,2607,Isaacs,45,https://www.auhouseprices.com/sold/list/ACT/2607/Isaacs/,10 Davitt Close ,-35.3743060,149.1138900,house,4,2,2,"$630,000",13 Jun 2015,https://www.auhouseprices.com/sold/view/ACT/341671207/10+Davitt+Close%2C+Isaacs+ACT/
157,2607,Isaacs,45,https://www.auhouseprices.com/sold/list/ACT/2607/Isaacs/,11 Muecke Place ,-35.3628600,149.1129800,house,4,2,3,"$1,320,000",2 May 2015,https://www.auhouseprices.com/sold/view/ACT/341897397/11+Muecke+Place%2C+Isaacs+ACT/
158,2607,Isaacs,45,https://www.auhouseprices.com/sold/list/ACT/2607/Isaacs/,5 Byatt Place ,-35.3746220,149.1112000,house,4,2,2,"$740,000",18 Apr 2015,https://www.auhouseprices.com/sold/view/ACT/341516297/5+Byatt+Place%2C+Isaacs+ACT/
159,2607,Isaacs,45,https://www.auhouseprices.com/sold/list/ACT/2607/Isaacs/,2 Rule Street ,-35.3694840,149.1116500,house,4,2,2,"$720,000",Apr 2015,https://www.auhouseprices.com/sold/view/ACT/341971597/2+Rule+Street%2C+Isaacs+ACT/
160,2607,Isaacs,45,https://www.auhouseprices.com/sold/list/ACT/2607/Isaacs/,16 Dettmann Close ,-35.3689100,149.1143280,house,3,2,1,"$512,000",26 Mar 2015,https://www.auhouseprices.com/sold/view/ACT/341903827/16+Dettmann+Close%2C+Isaacs+ACT/
161,2607,Isaacs,45,https://www.auhouseprices.com/sold/list/ACT/2607/Isaacs/,7 Kaeppel Place ,-35.3679430,149.1155900,house,4,3,2,"$1,360,000",21 Mar 2015,https://www.auhouseprices.com/sold/view/ACT/341383487/7+Kaeppel+Place%2C+Isaacs+ACT/
162,2607,Isaacs,45,https://www.auhouseprices.com/sold/list/ACT/2607/Isaacs/,2 Story Place ,-35.3583540,149.1110930,house,5,4,3,"$1,320,000",9 Jan 2015,https://www.auhouseprices.com/sold/view/ACT/341880568/2+Story+Place%2C+Isaacs+ACT/
163,2607,Isaacs,45,https://www.auhouseprices.com/sold/list/ACT/2607/Isaacs/,11 Bee Place ,-35.3703200,149.1120300,townhouse,3,2,2,"$625,000",22 Dec 2014,https://www.auhouseprices.com/sold/view/ACT/341134887/11+Bee+Place%2C+Isaacs+ACT/
164,2607,Isaacs,45,https://www.auhouseprices.com/sold/list/ACT/2607/Isaacs/,5/2 Adkinson Close ,-35.3635250,149.1101800,house,2,1,1,"$451,000",17 Dec 2014,https://www.auhouseprices.com/sold/view/ACT/341482887/5-2+Adkinson+Close%2C+Isaacs+ACT/
165,2607,Isaacs,45,https://www.auhouseprices.com/sold/list/ACT/2607/Isaacs/,23 Hansen Circuit ,-35.3731080,149.1114800,house,3,2,2,"$650,000",15 Dec 2014,https://www.auhouseprices.com/sold/view/ACT/341336787/23+Hansen+Circuit%2C+Isaacs+ACT/
166,2607,Isaacs,45,https://www.auhouseprices.com/sold/list/ACT/2607/Isaacs/,1 Coburn Place ,-35.3706360,149.1155200,house,3,2,2,"$815,000",6 Dec 2014,https://www.auhouseprices.com/sold/view/ACT/341857687/1+Coburn+Place%2C+Isaacs+ACT/
167,2607,Isaacs,45,https://www.auhouseprices.com/sold/list/ACT/2607/Isaacs/,29 Rowntree Crescent ,-35.3768350,149.1177700,house,4,2,2,"$817,000",19 Nov 2014,https://www.auhouseprices.com/sold/view/ACT/341141587/29+Rowntree+Crescent%2C+Isaacs+ACT/
168,2607,Isaacs,45,https://www.auhouseprices.com/sold/list/ACT/2607/Isaacs/,14 Gratton Place ,-35.3649440,149.1108100,house,3,1,1,"$487,000",11 Nov 2014,https://www.auhouseprices.com/sold/view/ACT/341192887/14+Gratton+Place%2C+Isaacs+ACT/
169,2607,Isaacs,45,https://www.auhouseprices.com/sold/list/ACT/2607/Isaacs/,7 Gratton Place ,-35.3654140,149.1107200,house,3,1,1,"$525,000",16 Oct 2014,https://www.auhouseprices.com/sold/view/ACT/341604277/7+Gratton+Place%2C+Isaacs+ACT/
170,2607,Isaacs,45,https://www.auhouseprices.com/sold/list/ACT/2607/Isaacs/,12/110 Julia Flynn Avenue ,-35.3716600,149.1126400,house,3,2,2,"$715,000",11 Oct 2014,https://www.auhouseprices.com/sold/view/ACT/341727177/12-110+Julia+Flynn+Avenue%2C+Isaacs+ACT/
171,2607,Isaacs,45,https://www.auhouseprices.com/sold/list/ACT/2607/Isaacs/,5/23 Shepherdson Place ,-35.3772740,149.1157500,townhouse,4,2,2,"$652,500",13 Sep 2014,https://www.auhouseprices.com/sold/view/ACT/341778977/5-23+Shepherdson+Place%2C+Isaacs+ACT/
172,2607,Isaacs,45,https://www.auhouseprices.com/sold/list/ACT/2607/Isaacs/,9/102 Julia Flynn Avenue ,-35.3711130,149.1118000,townhouse,3,2,2,"$610,000",23 Aug 2014,https://www.auhouseprices.com/sold/view/ACT/341915877/9-102+Julia+Flynn+Avenue%2C+Isaacs+ACT/
173,2607,Isaacs,45,https://www.auhouseprices.com/sold/list/ACT/2607/Isaacs/,60 Julia Flynn Avenue ,-35.3669300,149.1125300,house,4,3,2,"$870,000",26 Jul 2014,https://www.auhouseprices.com/sold/view/ACT/341483677/60+Julia+Flynn+Avenue%2C+Isaacs+ACT/
174,2607,Isaacs,45,https://www.auhouseprices.com/sold/list/ACT/2607/Isaacs/,6 Davitt Close ,-35.3740500,149.1137800,townhouse,3,2,2,"$518,000",5 Jul 2014,https://www.auhouseprices.com/sold/view/ACT/341881467/6+Davitt+Close%2C+Isaacs+ACT/
175,2607,Isaacs,45,https://www.auhouseprices.com/sold/list/ACT/2607/Isaacs/,7 Bridges Place ,-35.3615460,149.1101000,house,3,1,2,"$670,000",30 May 2014,https://www.auhouseprices.com/sold/view/ACT/341921167/7+Bridges+Place%2C+Isaacs+ACT/
176,2607,Isaacs,45,https://www.auhouseprices.com/sold/list/ACT/2607/Isaacs/,12 Whitty Crescent ,-35.3592220,149.1108000,house,5,2,2,"$855,000",3 May 2014,https://www.auhouseprices.com/sold/view/ACT/341665967/12+Whitty+Crescent%2C+Isaacs+ACT/
177,2607,Isaacs,45,https://www.auhouseprices.com/sold/list/ACT/2607/Isaacs/,19/28 Ringrose Crescent ,-35.3666600,149.1105500,townhouse,3,2,1,"$420,000",22 Apr 2014,https://www.auhouseprices.com/sold/view/ACT/341222367/19-28+Ringrose+Crescent%2C+Isaacs+ACT/
178,2607,Isaacs,45,https://www.auhouseprices.com/sold/list/ACT/2607/Isaacs/,29 Whitty Crescent ,-35.3588370,149.1120100,house,5,4,3,"$1,098,000",12 Apr 2014,https://www.auhouseprices.com/sold/view/ACT/341541867/29+Whitty+Crescent%2C+Isaacs+ACT/
179,2607,Isaacs,45,https://www.auhouseprices.com/sold/list/ACT/2607/Isaacs/,5/28 Ringrose Crescent ,-35.3666600,149.1105500,townhouse,3,2,1,"$435,000",3 Apr 2014,https://www.auhouseprices.com/sold/view/ACT/341269547/5-28+Ringrose++Crescent%2C+Isaacs+ACT/
180,2607,Isaacs,45,https://www.auhouseprices.com/sold/list/ACT/2607/Isaacs/,13 Adkinson Close ,-35.3624560,149.1092380,house,4,2,2,"$695,000",15 Mar 2014,https://www.auhouseprices.com/sold/view/ACT/331736816/13+Adkinson+Close%2C+Isaacs+ACT/
181,2607,Isaacs,45,https://www.auhouseprices.com/sold/list/ACT/2607/Isaacs/,13 Adkinson Close ,-35.3624570,149.1092400,house,4,2,2,"$695,000",15 Mar 2014,https://www.auhouseprices.com/sold/view/ACT/341249437/13+Adkinson+Close%2C+Isaacs+ACT/
182,2607,Isaacs,45,https://www.auhouseprices.com/sold/list/ACT/2607/Isaacs/,28 Rowntree Crescent ,-35.3764600,149.1168800,house,5,3,2,"$830,000",5 Mar 2014,https://www.auhouseprices.com/sold/view/ACT/341933547/28+Rowntree+Crescent%2C+Isaacs+ACT/
183,2607,Isaacs,45,https://www.auhouseprices.com/sold/list/ACT/2607/Isaacs/,2 Coburn Place ,-35.3712430,149.1157500,house,5,3,2,"$856,000",27 Feb 2014,https://www.auhouseprices.com/sold/view/ACT/341386647/2+Coburn+Place%2C+Isaacs+ACT/
184,2607,Isaacs,45,https://www.auhouseprices.com/sold/list/ACT/2607/Isaacs/,19 Hansen Circuit ,-35.3728250,149.1113390,house,3,2,2,"$600,000",24 Feb 2014,https://www.auhouseprices.com/sold/view/ACT/331102616/19+Hansen+Circuit%2C+Isaacs+ACT/
185,2607,Isaacs,45,https://www.auhouseprices.com/sold/list/ACT/2607/Isaacs/,7 Satchell Place ,-35.3654180,149.1102140,house,3,1,1,"$475,000",20 Feb 2014,https://www.auhouseprices.com/sold/view/ACT/331802616/7+Satchell+Place%2C+Isaacs+ACT/
186,2607,Isaacs,45,https://www.auhouseprices.com/sold/list/ACT/2607/Isaacs/,4 Davitt Close ,-35.3739350,149.1137150,house,3,2,2,"$555,000",8 Feb 2014,https://www.auhouseprices.com/sold/view/ACT/331560406/4+Davitt+Close%2C+Isaacs+ACT/
187,2607,Isaacs,45,https://www.auhouseprices.com/sold/list/ACT/2607/Isaacs/,10/92 Julia Flynn Avenue ,-35.3698540,149.1109910,house,3,2,2,"$490,000",5 Feb 2014,https://www.auhouseprices.com/sold/view/ACT/331222616/10-92+Julia+Flynn+Avenue%2C+Isaacs+ACT/
188,2607,Isaacs,45,https://www.auhouseprices.com/sold/list/ACT/2607/Isaacs/,58 Julia Flynn Avenue ,-35.3667410,149.1126000,House,4,2,2,"$635,000",1 Feb 2014,https://www.auhouseprices.com/sold/view/ACT/331084016/58+Julia+Flynn+Avenue%2C+Isaacs+ACT/
189,2607,Isaacs,45,https://www.auhouseprices.com/sold/list/ACT/2607/Isaacs/,6 Byatt Place ,-35.3743820,149.1106700,house,4,2,2,"$630,000",14 Dec 2013,https://www.auhouseprices.com/sold/view/ACT/341804067/6+Byatt+Place%2C+Isaacs+ACT/
190,2607,Isaacs,45,https://www.auhouseprices.com/sold/list/ACT/2607/Isaacs/,6 Bridges Place ,-35.3615440,149.1095190,house,4,3,2,"$715,000",11 Dec 2013,https://www.auhouseprices.com/sold/view/ACT/31596643/6+Bridges+Place%2C+Isaacs+ACT/
191,2607,Isaacs,45,https://www.auhouseprices.com/sold/list/ACT/2607/Isaacs/,26 Hansen Circuit ,-35.3732730,149.1109080,townhouse,4,2,2,"$720,000",9 Dec 2013,https://www.auhouseprices.com/sold/view/ACT/321374472/26+Hansen+Circuit%2C+Isaacs+ACT/
192,2607,Isaacs,45,https://www.auhouseprices.com/sold/list/ACT/2607/Isaacs/,6 Byatt Place ,-35.3743830,149.1106740,house,4,2,2,"$630,000",9 Dec 2013,https://www.auhouseprices.com/sold/view/ACT/331559706/6+Byatt+Place%2C+Isaacs+ACT/
193,2607,Isaacs,45,https://www.auhouseprices.com/sold/list/ACT/2607/Isaacs/,6 Byatt Place ,-35.3743830,149.1106740,house,4,2,2,"$630,000",9 Dec 2013,https://www.auhouseprices.com/sold/view/ACT/331992906/6+Byatt+Place%2C+Isaacs+ACT/
194,2607,Isaacs,45,https://www.auhouseprices.com/sold/list/ACT/2607/Isaacs/,15 Gladman Close ,-35.3635900,149.1111500,house,4,2,2,"$612,000",9 Dec 2013,https://www.auhouseprices.com/sold/view/ACT/331123836/15+Gladman+Close%2C+Isaacs+ACT/
195,2607,Isaacs,45,https://www.auhouseprices.com/sold/list/ACT/2607/Isaacs/,43 Julia Flynn Avenue ,-35.3646960,149.1121840,house,5,3,3,"$780,000",6 Dec 2013,https://www.auhouseprices.com/sold/view/ACT/331922616/43+Julia+Flynn+Avenue%2C+Isaacs+ACT/
196,2607,Isaacs,45,https://www.auhouseprices.com/sold/list/ACT/2607/Isaacs/,8/45 Alexander Mackie Circuit ,-35.3751237,149.1131476,townhouse,3,2,2,"$625,000",25 Nov 2013,https://www.auhouseprices.com/sold/view/ACT/331605396/8-45+Alexander+Mackie+Circuit%2C+Isaacs+ACT/
197,2607,Isaacs,45,https://www.auhouseprices.com/sold/list/ACT/2607/Isaacs/,28 Shepherdson Place ,-35.3783900,149.1162000,house,4,2,2,"$710,000",7 Nov 2013,https://www.auhouseprices.com/sold/view/ACT/341410047/28+Shepherdson+Place%2C+Isaacs+ACT/
198,2607,Isaacs,45,https://www.auhouseprices.com/sold/list/ACT/2607/Isaacs/,42 Rowntree Crescent ,-35.3750700,149.1161300,House,4,4,2,"$1,000,000",Nov 2013,https://www.auhouseprices.com/sold/view/ACT/331632616/42+Rowntree+Crescent%2C+Isaacs+ACT/
199,2607,Isaacs,45,https://www.auhouseprices.com/sold/list/ACT/2607/Isaacs/,25 Hansen Circuit ,-35.3732730,149.1114680,house,4,2,2,"$678,000",25 Oct 2013,https://www.auhouseprices.com/sold/view/ACT/331763706/25+Hansen+Circuit%2C+Isaacs+ACT/
200,2607,Isaacs,45,https://www.auhouseprices.com/sold/list/ACT/2607/Isaacs/,28 Rowntree Crescent ,-35.3763905,149.1166750,House,5,3,2,"$777,000",19 Oct 2013,https://www.auhouseprices.com/sold/view/ACT/321407472/28+Rowntree+Crescent%2C+Isaacs+ACT/
201,2607,Isaacs,45,https://www.auhouseprices.com/sold/list/ACT/2607/Isaacs/,4 Bromby Street ,-35.3636080,149.1080820,house,4,4,2,"$830,000",10 Oct 2013,https://www.auhouseprices.com/sold/view/ACT/331989968/4+Bromby+Street%2C+Isaacs+ACT/
202,2607,Isaacs,45,https://www.auhouseprices.com/sold/list/ACT/2607/Isaacs/,3/28 Ringrose Crescent ,-35.3666610,149.1105560,apartment,3,2,1,"$465,000",4 Oct 2013,https://www.auhouseprices.com/sold/view/ACT/331421068/3-28+Ringrose+Crescent%2C+Isaacs+ACT/
203,2607,Isaacs,45,https://www.auhouseprices.com/sold/list/ACT/2607/Isaacs/,27/28 Ringrose Crescent ,-35.3666610,149.1105560,Townhouse,3,2,1,"$420,000",Oct 2013,https://www.auhouseprices.com/sold/view/ACT/331808206/27-28+Ringrose+Crescent%2C+Isaacs+ACT/
204,2607,Isaacs,45,https://www.auhouseprices.com/sold/list/ACT/2607/Isaacs/,4 Treacy Place ,-35.3737530,149.1147820,house,4,2,2,"$785,000",21 Sep 2013,https://www.auhouseprices.com/sold/view/ACT/31584643/4+Treacy+Place%2C+Isaacs+ACT/
205,2607,Isaacs,45,https://www.auhouseprices.com/sold/list/ACT/2607/Isaacs/,21/3 Hansen Circuit ,-35.3720600,149.1107760,townhouse,3,2,2,"$661,000",21 Sep 2013,https://www.auhouseprices.com/sold/view/ACT/36651689/21-3+Hansen+Circuit%2C+Isaacs+ACT/
206,2607,Isaacs,45,https://www.auhouseprices.com/sold/list/ACT/2607/Isaacs/,21/3 Hansen Circuit ,-35.3720600,149.1107760,townhouse,3,2,2,"$661,000",21 Sep 2013,https://www.auhouseprices.com/sold/view/ACT/331117806/21-3+Hansen+Circuit%2C+Isaacs+ACT/
207,2607,Isaacs,45,https://www.auhouseprices.com/sold/list/ACT/2607/Isaacs/,26 Whitty Crescent ,-35.3595050,149.1110700,house,6,2,2,"$785,000",6 Sep 2013,https://www.auhouseprices.com/sold/view/ACT/341525947/26+Whitty+Crescent%2C+Isaacs+ACT/
208,2607,Isaacs,45,https://www.auhouseprices.com/sold/list/ACT/2607/Isaacs/,11 Whitty Crescent ,-35.3591650,149.1101800,house,4,3,3,"$865,000",26 Aug 2013,https://www.auhouseprices.com/sold/view/ACT/341576047/11+Whitty+Crescent%2C+Isaacs+ACT/
209,2607,Isaacs,45,https://www.auhouseprices.com/sold/list/ACT/2607/Isaacs/,141 Julia Flynn Avenue ,-35.3731580,149.1162600,house,4,2,2,"$951,000",24 Aug 2013,https://www.auhouseprices.com/sold/view/ACT/331748196/141+Julia+Flynn+Avenue%2C+Isaacs+ACT/
210,2607,Isaacs,45,https://www.auhouseprices.com/sold/list/ACT/2607/Isaacs/,38 William Wilkins Crescent ,-35.3607890,149.1110350,house,5,2,2,"$720,000",24 Jul 2013,https://www.auhouseprices.com/sold/view/ACT/3332948/38+William+Wilkins+Crescent%2C+Isaacs+ACT/
211,2607,Isaacs,45,https://www.auhouseprices.com/sold/list/ACT/2607/Isaacs/,38 William Wilkins Cres ,-35.3607900,149.1110400,house,5,2,2,"$720,000",24 Jul 2013,https://www.auhouseprices.com/sold/view/ACT/341714147/38+William+Wilkins+Cres%2C+Isaacs+ACT/
212,2607,Isaacs,45,https://www.auhouseprices.com/sold/list/ACT/2607/Isaacs/,29 Walton Street ,-35.3727800,149.1143580,House,4,2,2,"$800,000",1 Jun 2013,https://www.auhouseprices.com/sold/view/ACT/3339948/29+Walton+Street%2C+Isaacs+ACT/
213,2607,Isaacs,45,https://www.auhouseprices.com/sold/list/ACT/2607/Isaacs/,27 Rule Street ,-35.3702050,149.1132210,Townhouse,3,2,2,"$535,000",1 Jun 2013,https://www.auhouseprices.com/sold/view/ACT/3334148/27+Rule+Street%2C+Isaacs+ACT/
214,2607,Isaacs,45,https://www.auhouseprices.com/sold/list/ACT/2607/Isaacs/,6 Boehm Close ,-35.3632970,149.1084340,House,3,1,2,"$600,000",1 Jun 2013,https://www.auhouseprices.com/sold/view/ACT/3373632/6+Boehm+Close%2C+Isaacs+ACT/
215,2607,Isaacs,45,https://www.auhouseprices.com/sold/list/ACT/2607/Isaacs/,42 Julia Flynn Avenue ,-35.3649990,149.1116480,house,4,2,2,"$693,000",28 May 2013,https://www.auhouseprices.com/sold/view/ACT/3337048/42+Julia+Flynn+Avenue%2C+Isaacs+ACT/
216,2607,Isaacs,45,https://www.auhouseprices.com/sold/list/ACT/2607/Isaacs/,19 Julia Flynn Avenue ,-35.3636750,149.1090170,House,2,1,1,"$566,000",May 2013,https://www.auhouseprices.com/sold/view/ACT/3338248/19+Julia+Flynn+Avenue%2C+Isaacs+ACT/
217,2607,Isaacs,45,https://www.auhouseprices.com/sold/list/ACT/2607/Isaacs/,65 Julia Flynn Avenue ,-35.3671590,149.1131460,house,4,2,2,"$940,000",22 Apr 2013,https://www.auhouseprices.com/sold/view/ACT/3332448/65+Julia+Flynn+Avenue%2C+Isaacs+ACT/
218,2607,Isaacs,45,https://www.auhouseprices.com/sold/list/ACT/2607/Isaacs/,37 Shepherdson Place ,-35.3790530,149.1174300,house,4,2,2,"$840,000",9 Apr 2013,https://www.auhouseprices.com/sold/view/ACT/3339448/37+Shepherdson+Place%2C+Isaacs+ACT/
219,2607,Isaacs,45,https://www.auhouseprices.com/sold/list/ACT/2607/Isaacs/,1 Seitz Place ,-35.3607390,149.1107240,house,4,2,2,"$890,000",19 Mar 2013,https://www.auhouseprices.com/sold/view/ACT/3335558/1+Seitz+Place%2C+Isaacs+ACT/
220,2607,Isaacs,45,https://www.auhouseprices.com/sold/list/ACT/2607/Isaacs/,6/92 Julia Flynn Avenue ,-35.3698540,149.1109910,townhouse,3,2,2,"$508,000",7 Feb 2013,https://www.auhouseprices.com/sold/view/ACT/331137996/6-92+Julia+Flynn+Avenue%2C+Isaacs+ACT/
221,2607,Isaacs,45,https://www.auhouseprices.com/sold/list/ACT/2607/Isaacs/,20/28 Ringrose Crescent ,-35.3666610,149.1105560,Unit,3,2,1,"$455,000",Feb 2013,https://www.auhouseprices.com/sold/view/ACT/321693472/20-28+Ringrose+Crescent%2C+Isaacs+ACT/
222,2607,Isaacs,45,https://www.auhouseprices.com/sold/list/ACT/2607/Isaacs/,27 Ringrose Crescent ,-35.3672600,149.1121130,House,3,2,2,"$590,000",Feb 2013,https://www.auhouseprices.com/sold/view/ACT/321544472/27+Ringrose+Crescent%2C+Isaacs+ACT/
223,2607,Isaacs,45,https://www.auhouseprices.com/sold/list/ACT/2607/Isaacs/,9/60 Hansen Circuit ,-35.3720600,149.1107760,Unit,4,1,2,"$688,000",Feb 2013,https://www.auhouseprices.com/sold/view/ACT/321805472/9-60+Hansen+Circuit%2C+Isaacs+ACT/
224,2607,Isaacs,45,https://www.auhouseprices.com/sold/list/ACT/2607/Isaacs/,15 Ringrose Crescent ,-35.3666890,149.1113550,House,4,2,2,"$605,000",Feb 2013,https://www.auhouseprices.com/sold/view/ACT/331547996/15+Ringrose+Crescent%2C+Isaacs+ACT/
225,2607,Isaacs,45,https://www.auhouseprices.com/sold/list/ACT/2607/Isaacs/,64 William Wilkins Crescent ,-35.3633750,149.1114590,House,6,3,2,"$860,000",Jan 2013,https://www.auhouseprices.com/sold/view/ACT/331257996/64+William+Wilkins+Crescent%2C+Isaacs+ACT/
226,2607,Isaacs,45,https://www.auhouseprices.com/sold/list/ACT/2607/Isaacs/,41 William Wilkins Crescent ,-35.3602880,149.1109150,house,3,2,2,"$760,000",18 Dec 2012,https://www.auhouseprices.com/sold/view/ACT/331667996/41+William+Wilkins+Crescent%2C+Isaacs+ACT/
227,2607,Isaacs,45,https://www.auhouseprices.com/sold/list/ACT/2607/Isaacs/,5/23 Shepherdson Place ,-35.3772730,149.1157510,townhouse,4,2,2,"$632,000",5 Nov 2012,https://www.auhouseprices.com/sold/view/ACT/331377996/5-23+Shepherdson+Place%2C+Isaacs+ACT/
228,2607,Isaacs,45,https://www.auhouseprices.com/sold/list/ACT/2607/Isaacs/,35 Shepherdson Place ,-35.3787910,149.1172710,house,4,1,2,"$725,000",3 Nov 2012,https://www.auhouseprices.com/sold/view/ACT/331087996/35+Shepherdson+Place%2C+Isaacs+ACT/
229,2607,Isaacs,45,https://www.auhouseprices.com/sold/list/ACT/2607/Isaacs/,35 Shepherdson Place ,-35.3787910,149.1172710,house,4,1,2,"$725,000",3 Nov 2012,https://www.auhouseprices.com/sold/view/ACT/331787996/35+Shepherdson+Place%2C+Isaacs+ACT/
230,2607,Isaacs,45,https://www.auhouseprices.com/sold/list/ACT/2607/Isaacs/,35 Shepherdson Place ,-35.3787910,149.1172710,house,4,1,2,"$725,000",3 Nov 2012,https://www.auhouseprices.com/sold/view/ACT/331497996/35+Shepherdson+Place%2C+Isaacs+ACT/
231,2607,Isaacs,45,https://www.auhouseprices.com/sold/list/ACT/2607/Isaacs/,35 Shepherdson Place ,-35.3787910,149.1172710,house,4,1,2,"$725,000",3 Nov 2012,https://www.auhouseprices.com/sold/view/ACT/331108996/35+Shepherdson+Place%2C+Isaacs+ACT/
232,2607,Isaacs,45,https://www.auhouseprices.com/sold/list/ACT/2607/Isaacs/,45 Julia Flynn Avenue ,-35.3648240,149.1125380,house,6,3,3,"$1,000,000",21 Aug 2012,https://www.auhouseprices.com/sold/view/ACT/331738566/45+Julia+Flynn+Avenue%2C+Isaacs+ACT/
233,2607,Isaacs,45,https://www.auhouseprices.com/sold/list/ACT/2607/Isaacs/,43 Shepherdson Place ,-35.3800450,149.1178900,house,5,3,4,"$930,000",19 Jul 2012,https://www.auhouseprices.com/sold/view/ACT/331618566/43+Shepherdson+Place%2C+Isaacs+ACT/
234,2607,Isaacs,45,https://www.auhouseprices.com/sold/list/ACT/2607/Isaacs/,12/92 Julia Flynn Avenue ,-35.3698540,149.1109910,townhouse,3,2,2,"$462,000",13 Jun 2012,https://www.auhouseprices.com/sold/view/ACT/321995472/12-92+Julia+Flynn+Avenue%2C+Isaacs+ACT/
235,2607,Isaacs,45,https://www.auhouseprices.com/sold/list/ACT/2607/Isaacs/,7/52 Hansen Circuit ,-35.3740390,149.1123030,Unit,4,2,2,"$740,000",Jun 2012,https://www.auhouseprices.com/sold/view/ACT/321105472/7-52+Hansen+Circuit%2C+Isaacs+ACT/
236,2607,Isaacs,45,https://www.auhouseprices.com/sold/list/ACT/2607/Isaacs/,17 Alexander Mackie Circuit ,-35.3757890,149.1120940,House,4,1,2,"$770,000",Jun 2012,https://www.auhouseprices.com/sold/view/ACT/321465472/17+Alexander+Mackie+Circuit%2C+Isaacs+ACT/
237,2607,Isaacs,45,https://www.auhouseprices.com/sold/list/ACT/2607/Isaacs/,15 Gladman Close ,-35.3635890,149.1111400,House,4,2,2,"$605,000",Jun 2012,https://www.auhouseprices.com/sold/view/ACT/321908472/15+Gladman+Close%2C+Isaacs+ACT/
238,2607,Isaacs,45,https://www.auhouseprices.com/sold/list/ACT/2607/Isaacs/,7 Reddall Close ,-35.3691200,149.1146000,house,5,4,2,"$847,000",10 May 2012,https://www.auhouseprices.com/sold/view/ACT/331703836/7+Reddall+Close%2C+Isaacs+ACT/
239,2607,Isaacs,45,https://www.auhouseprices.com/sold/list/ACT/2607/Isaacs/,12 Buntine Crescent ,-35.3705230,149.1145860,house,4,2,2,"$765,000",5 May 2012,https://www.auhouseprices.com/sold/view/ACT/321784472/12+Buntine+Crescent%2C+Isaacs+ACT/
240,2607,Isaacs,45,https://www.auhouseprices.com/sold/list/ACT/2607/Isaacs/,4 Gladman Close ,-35.3633158,149.1108016,House,3,2,2,"$510,000",May 2012,https://www.auhouseprices.com/sold/view/ACT/321254472/4+Gladman+Close%2C+Isaacs+ACT/
241,2607,Isaacs,45,https://www.auhouseprices.com/sold/list/ACT/2607/Isaacs/,37 Rowntree Crescent ,-35.3773110,149.1165850,house,4,3,2,"$785,000",27 Apr 2012,https://www.auhouseprices.com/sold/view/ACT/321527472/37+Rowntree+Crescent%2C+Isaacs+ACT/
242,2607,Isaacs,45,https://www.auhouseprices.com/sold/list/ACT/2607/Isaacs/,5 Whitty Place ,-35.3597900,149.1099200,house,4,2,2,"$775,000",27 Apr 2012,https://www.auhouseprices.com/sold/view/ACT/331413836/5+Whitty+Place%2C+Isaacs+ACT/
243,2607,Isaacs,45,https://www.auhouseprices.com/sold/list/ACT/2607/Isaacs/,43 Maclagan Street ,-35.3685930,149.1127480,house,4,2,2,"$695,000",23 Apr 2012,https://www.auhouseprices.com/sold/view/ACT/321084472/43+Maclagan+Street%2C+Isaacs+ACT/
244,2607,Isaacs,45,https://www.auhouseprices.com/sold/list/ACT/2607/Isaacs/,48 Ngunawal Drive ,-35.3589980,149.1097850,house,5,3,3,"$937,500",5 Apr 2012,https://www.auhouseprices.com/sold/view/ACT/321316472/48+Ngunawal+Drive%2C+Isaacs+ACT/
245,2607,Isaacs,45,https://www.auhouseprices.com/sold/list/ACT/2607/Isaacs/,5 Whitty Crescent ,-35.3597890,149.1099290,House,4,2,2,"$775,000",Apr 2012,https://www.auhouseprices.com/sold/view/ACT/321345472/5+Whitty+Crescent%2C+Isaacs+ACT/
246,2607,Isaacs,45,https://www.auhouseprices.com/sold/list/ACT/2607/Isaacs/,39 Hansen Circuit ,-35.3732790,149.1118410,house,3,2,2,"$750,000",19 Mar 2012,https://www.auhouseprices.com/sold/view/ACT/321767472/39+Hansen+Circuit%2C+Isaacs+ACT/
247,2607,Isaacs,45,https://www.auhouseprices.com/sold/list/ACT/2607/Isaacs/,39 Hansen Circuit ,-35.3732800,149.1118500,house,3,2,2,"$750,000",19 Mar 2012,https://www.auhouseprices.com/sold/view/ACT/331823836/39+Hansen+Circuit%2C+Isaacs+ACT/
248,2607,Isaacs,45,https://www.auhouseprices.com/sold/list/ACT/2607/Isaacs/,10 William Wilkins Crescent ,-35.3626050,149.1086590,house,3,2,2,"$640,000",9 Feb 2012,https://www.auhouseprices.com/sold/view/ACT/321328472/10+William+Wilkins+Crescent%2C+Isaacs+ACT/
249,2607,Isaacs,45,https://www.auhouseprices.com/sold/list/ACT/2607/Isaacs/,2/3 Shepherdson Place ,-35.3764530,149.1148190,Unit,3,2,2,"$509,000",Feb 2012,https://www.auhouseprices.com/sold/view/ACT/321494472/2-3+Shepherdson+Place%2C+Isaacs+ACT/
250,2607,Isaacs,45,https://www.auhouseprices.com/sold/list/ACT/2607/Isaacs/,2 Kane Place ,-35.3693930,149.1127060,house,3,2,2,"$560,000",16 Jan 2012,https://www.auhouseprices.com/sold/view/ACT/321055472/2+Kane+Place%2C+Isaacs+ACT/
251,2607,Isaacs,45,https://www.auhouseprices.com/sold/list/ACT/2607/Isaacs/,3 Rooney Place ,-35.3736100,149.1166940,house,4,3,2,"$950,000",2 Dec 2011,https://www.auhouseprices.com/sold/view/ACT/321489472/3+Rooney+Place%2C+Isaacs+ACT/
252,2607,Isaacs,45,https://www.auhouseprices.com/sold/list/ACT/2607/Isaacs/,6 Gratton Place ,-35.3651550,149.1112960,House,3,2,1,"$515,000",Dec 2011,https://www.auhouseprices.com/sold/view/ACT/321875472/6+Gratton+Place%2C+Isaacs+ACT/
253,2607,Isaacs,45,https://www.auhouseprices.com/sold/list/ACT/2607/Isaacs/,1 Byatt Place ,-35.3742170,149.1115860,house,4,2,2,"$852,000",26 Nov 2011,https://www.auhouseprices.com/sold/view/ACT/321796472/1+Byatt+Place%2C+Isaacs+ACT/
254,2607,Isaacs,45,https://www.auhouseprices.com/sold/list/ACT/2607/Isaacs/,4 Buntine Crescent ,-35.3713530,149.1145640,house,5,3,3,"$960,000",25 Nov 2011,https://www.auhouseprices.com/sold/view/ACT/321937472/4+Buntine+Crescent%2C+Isaacs+ACT/
255,2607,Isaacs,45,https://www.auhouseprices.com/sold/list/ACT/2607/Isaacs/,37 Hanson Circuit ,-35.3734090,149.1117790,House,3,2,2,"$650,000",Nov 2011,https://www.auhouseprices.com/sold/view/ACT/321146472/37+Hanson+Circuit%2C+Isaacs+ACT/
256,2607,Isaacs,45,https://www.auhouseprices.com/sold/list/ACT/2607/Isaacs/,154 Julia Flynn Avenue ,-35.3744660,149.1152650,House,4,2,2,"$781,000",Nov 2011,https://www.auhouseprices.com/sold/view/ACT/321710582/154+Julia+Flynn+Avenue%2C+Isaacs+ACT/
257,2607,Isaacs,45,https://www.auhouseprices.com/sold/list/ACT/2607/Isaacs/,7/70 William Wilkins Crescent ,-35.3644337,149.1118630,townhouse,3,2,2,"$625,000",4 Oct 2011,https://www.auhouseprices.com/sold/view/ACT/321676472/7-70+William+Wilkins+Crescent%2C+Isaacs+ACT/
258,2607,Isaacs,45,https://www.auhouseprices.com/sold/list/ACT/2607/Isaacs/,8 Edney Place ,-35.3756470,149.1153820,house,3,2,2,"$551,000",21 Sep 2011,https://www.auhouseprices.com/sold/view/ACT/321817472/8+Edney+Place%2C+Isaacs+ACT/
259,2607,Isaacs,45,https://www.auhouseprices.com/sold/list/ACT/2607/Isaacs/,2 Taber Place ,-35.3755980,149.1176250,House,4,3,2,"$860,000",Aug 2011,https://www.auhouseprices.com/sold/view/ACT/321568472/2+Taber+Place%2C+Isaacs+ACT/
260,2607,Isaacs,45,https://www.auhouseprices.com/sold/list/ACT/2607/Isaacs/,9 Taplin Place ,-35.3617070,149.1106480,house,3,2,2,"$720,000",15 Jul 2011,https://www.auhouseprices.com/sold/view/ACT/321750472/9+Taplin+Place%2C+Isaacs+ACT/
261,2607,Isaacs,45,https://www.auhouseprices.com/sold/list/ACT/2607/Isaacs/,35 Hansen Circuit ,-35.3735400,149.1117180,House,3,2,2,"$643,000",Jun 2011,https://www.auhouseprices.com/sold/view/ACT/321635472/35+Hansen+Circuit%2C+Isaacs+ACT/
262,2607,Isaacs,45,https://www.auhouseprices.com/sold/list/ACT/2607/Isaacs/,16 Corrigan Place ,-35.3780770,149.1174760,House,4,2,2,"$779,000",Jun 2011,https://www.auhouseprices.com/sold/view/ACT/321130582/16+Corrigan+Place%2C+Isaacs+ACT/
263,2607,Isaacs,45,https://www.auhouseprices.com/sold/list/ACT/2607/Isaacs/,17 Adkinson ,-35.3621200,149.1095900,house,4,2,2,"$817,000",30 May 2011,https://www.auhouseprices.com/sold/view/ACT/331653836/17+Adkinson%2C+Isaacs+ACT/
264,2607,Isaacs,45,https://www.auhouseprices.com/sold/list/ACT/2607/Isaacs/,11 Gladman Close ,-35.3631880,149.1110330,house,4,2,2,"$730,000",13 May 2011,https://www.auhouseprices.com/sold/view/ACT/321738472/11+Gladman+Close%2C+Isaacs+ACT/
265,2607,Isaacs,45,https://www.auhouseprices.com/sold/list/ACT/2607/Isaacs/,17 Adkinson Close ,-35.3621200,149.1095910,House,4,2,2,"$817,000",May 2011,https://www.auhouseprices.com/sold/view/ACT/321846472/17+Adkinson+Close%2C+Isaacs+ACT/
266,2607,Isaacs,45,https://www.auhouseprices.com/sold/list/ACT/2607/Isaacs/,21 Alexander MacKie Circuit ,-35.3756040,149.1116990,House,3,2,2,"$667,000",Mar 2011,https://www.auhouseprices.com/sold/view/ACT/331158566/21+Alexander+MacKie+Circuit%2C+Isaacs+ACT/
267,2607,Isaacs,45,https://www.auhouseprices.com/sold/list/ACT/2607/Isaacs/,25 Hansen Circuit ,-35.3732730,149.1114680,House,4,2,2,"$510,000",Mar 2011,https://www.auhouseprices.com/sold/view/ACT/331858566/25+Hansen+Circuit%2C+Isaacs+ACT/
268,2607,Isaacs,45,https://www.auhouseprices.com/sold/list/ACT/2607/Isaacs/,6 Treacy Place ,-35.3738860,149.1150540,House,4,2,2,"$855,000",19 Feb 2011,https://www.auhouseprices.com/sold/view/ACT/331249566/6+Treacy+Place%2C+Isaacs+ACT/
269,2607,Isaacs,45,https://www.auhouseprices.com/sold/list/ACT/2607/Isaacs/,8/2 Adkinson Close ,-35.3635260,149.1102020,Unit,2,1,1,"$425,000",Feb 2011,https://www.auhouseprices.com/sold/view/ACT/331278566/8-2+Adkinson+Close%2C+Isaacs+ACT/
270,2607,Isaacs,45,https://www.auhouseprices.com/sold/list/ACT/2607/Isaacs/,11/28 Ringrose Crescent ,-35.3666610,149.1105560,Unit,3,2,1,"$490,000",Feb 2011,https://www.auhouseprices.com/sold/view/ACT/331009566/11-28+Ringrose+Crescent%2C+Isaacs+ACT/
271,2607,Isaacs,45,https://www.auhouseprices.com/sold/list/ACT/2607/Isaacs/,16 Alexander Mackie Crescent ,-35.3749680,149.1123150,House,4,3,2,"$820,000",1 Jan 2011,https://www.auhouseprices.com/sold/view/ACT/321606472/16+Alexander+Mackie+Crescent%2C+Isaacs+ACT/
272,2607,Isaacs,45,https://www.auhouseprices.com/sold/list/ACT/2607/Isaacs/,10 Broinowski Place ,-35.3747750,149.1181650,house,4,3,2,"$860,000",22 Dec 2010,https://www.auhouseprices.com/sold/view/ACT/321341582/10+Broinowski+Place%2C+Isaacs+ACT/
273,2607,Isaacs,45,https://www.auhouseprices.com/sold/list/ACT/2607/Isaacs/,10 William Wilkins Crescent ,-35.3626060,149.1086600,house,3,2,2,"$555,000",4 Dec 2010,https://www.auhouseprices.com/sold/view/ACT/331073836/10+William+Wilkins+Crescent%2C+Isaacs+ACT/
274,2607,Isaacs,45,https://www.auhouseprices.com/sold/list/ACT/2607/Isaacs/,16 Alexander MacKie Circuit ,-35.3749680,149.1123150,house,4,3,2,"$820,000",Dec 2010,https://www.auhouseprices.com/sold/view/ACT/321420582/16+Alexander+MacKie+Circuit%2C+Isaacs+ACT/
275,2607,Isaacs,45,https://www.auhouseprices.com/sold/list/ACT/2607/Isaacs/,5 Dettmann Close ,-35.3698160,149.1139090,house,3,1,1,"$515,000",24 Nov 2010,https://www.auhouseprices.com/sold/view/ACT/321278472/5+Dettmann+Close%2C+Isaacs+ACT/
276,2607,Isaacs,45,https://www.auhouseprices.com/sold/list/ACT/2607/Isaacs/,1 Boehm Close ,-35.3627690,149.1084390,house,3,1,2,"$526,500",15 Nov 2010,https://www.auhouseprices.com/sold/view/ACT/321436472/1+Boehm+Close%2C+Isaacs+ACT/
277,2607,Isaacs,45,https://www.auhouseprices.com/sold/list/ACT/2607/Isaacs/,5 Dettman Close ,-35.3698160,149.1139090,House,3,1,1,"$515,000",Nov 2010,https://www.auhouseprices.com/sold/view/ACT/321386472/5+Dettman+Close%2C+Isaacs+ACT/
278,2607,Isaacs,45,https://www.auhouseprices.com/sold/list/ACT/2607/Isaacs/,1 Edney Place ,-35.3758410,149.1159410,House,4,2,2,"$675,000",30 Oct 2010,https://www.auhouseprices.com/sold/view/ACT/321067472/1+Edney+Place%2C+Isaacs+ACT/
279,2607,Isaacs,45,https://www.auhouseprices.com/sold/list/ACT/2607/Isaacs/,1 Gladman Close ,-35.3629810,149.1099920,House,5,3,1,"$850,000",20 Oct 2010,https://www.auhouseprices.com/sold/view/ACT/321369472/1+Gladman+Close%2C+Isaacs+ACT/
280,2607,Isaacs,45,https://www.auhouseprices.com/sold/list/ACT/2607/Isaacs/,2 Ellwood Crescent ,-35.3641430,149.1098380,House,2,1,1,"$410,000",20 Oct 2010,https://www.auhouseprices.com/sold/view/ACT/321199472/2+Ellwood+Crescent%2C+Isaacs+ACT/
281,2607,Isaacs,45,https://www.auhouseprices.com/sold/list/ACT/2607/Isaacs/,12 Rowntree Crescent ,-35.3753760,149.1166000,House,4,2,2,"$775,000",Oct 2010,https://www.auhouseprices.com/sold/view/ACT/321870472/12+Rowntree+Crescent%2C+Isaacs+ACT/
282,2607,Isaacs,45,https://www.auhouseprices.com/sold/list/ACT/2607/Isaacs/,26 Whitty Crescent ,-35.3595030,149.1110630,House,5,1,2,"$890,000",Oct 2010,https://www.auhouseprices.com/sold/view/ACT/321010582/26+Whitty+Crescent%2C+Isaacs+ACT/
283,2607,Isaacs,45,https://www.auhouseprices.com/sold/list/ACT/2607/Isaacs/,6 Edney Place ,-35.3757110,149.1155960,house,3,2,2,"$575,000",9 Sep 2010,https://www.auhouseprices.com/sold/view/ACT/331568566/6+Edney+Place%2C+Isaacs+ACT/
284,2607,Isaacs,45,https://www.auhouseprices.com/sold/list/ACT/2607/Isaacs/,35/28 Ringrose Crescent ,-35.3667510,149.1109380,Unit,3,2,1,"$520,000",ep 2010,https://www.auhouseprices.com/sold/view/ACT/331398566/35-28+Ringrose+Crescent%2C+Isaacs+ACT/
285,2607,Isaacs,45,https://www.auhouseprices.com/sold/list/ACT/2607/Isaacs/,52 William Wilkins Crescent ,-35.3622300,149.1117120,House,4,2,2,"$940,000",ep 2010,https://www.auhouseprices.com/sold/view/ACT/331709566/52+William+Wilkins+Crescent%2C+Isaacs+ACT/
286,2607,Isaacs,45,https://www.auhouseprices.com/sold/list/ACT/2607/Isaacs/,10/60 Hansen Circuit ,-35.3720600,149.1107760,Unit,3,1,2,"$630,000",Aug 2010,https://www.auhouseprices.com/sold/view/ACT/331949566/10-60+Hansen+Circuit%2C+Isaacs+ACT/
287,2607,Isaacs,45,https://www.auhouseprices.com/sold/list/ACT/2607/Isaacs/,3 Gladman Close ,-35.3628950,149.1103310,house,4,2,2,"$665,000",28 Jul 2010,https://www.auhouseprices.com/sold/view/ACT/321792582/3+Gladman+Close%2C+Isaacs+ACT/
288,2607,Isaacs,45,https://www.auhouseprices.com/sold/list/ACT/2607/Isaacs/,5/92 Julia Flynn Avenue ,-35.3698270,149.1113000,townhouse,3,2,2,"$526,000",24 Jul 2010,https://www.auhouseprices.com/sold/view/ACT/331893836/5-92+Julia+Flynn+Avenue%2C+Isaacs+ACT/
289,2607,Isaacs,45,https://www.auhouseprices.com/sold/list/ACT/2607/Isaacs/,4/28 Ringrose Crescent ,-35.3666610,149.1105560,townhouse,3,2,1,"$476,425",7 Jun 2010,https://www.auhouseprices.com/sold/view/ACT/331779566/4-28+Ringrose+Crescent%2C+Isaacs+ACT/
290,2607,Isaacs,45,https://www.auhouseprices.com/sold/list/ACT/2607/Isaacs/,14 Gratton Place ,-35.3650230,149.1107610,house,3,1,1,"$508,000",4 Jun 2010,https://www.auhouseprices.com/sold/view/ACT/321266472/14+Gratton+Place%2C+Isaacs+ACT/
291,2607,Isaacs,45,https://www.auhouseprices.com/sold/list/ACT/2607/Isaacs/,8 Whitty Crescent ,-35.3595470,149.1104750,house,4,2,3,"$875,000",7 Apr 2010,https://www.auhouseprices.com/sold/view/ACT/321511582/8+Whitty+Crescent%2C+Isaacs+ACT/
292,2607,Isaacs,45,https://www.auhouseprices.com/sold/list/ACT/2607/Isaacs/,6/88 Julia Flynn Avenue ,-35.3693920,149.1110820,Unit,3,2,2,"$575,000",Apr 2010,https://www.auhouseprices.com/sold/view/ACT/321237472/6-88+Julia+Flynn+Avenue%2C+Isaacs+ACT/
293,2607,Isaacs,45,https://www.auhouseprices.com/sold/list/ACT/2607/Isaacs/,2A Hansen Circuit ,-35.3711140,149.1104190,House,3,1,2,"$620,000",Apr 2010,https://www.auhouseprices.com/sold/view/ACT/321709472/2A+Hansen+Circuit%2C+Isaacs+ACT/
294,2607,Isaacs,45,https://www.auhouseprices.com/sold/list/ACT/2607/Isaacs/,2 Hansen Circuit ,-35.3712650,149.1105760,Townhouse,3,2,2,"$620,000",Apr 2010,https://www.auhouseprices.com/sold/view/ACT/321170472/2+Hansen+Circuit%2C+Isaacs+ACT/
295,2607,Isaacs,45,https://www.auhouseprices.com/sold/list/ACT/2607/Isaacs/,29 Rule Street ,-35.3703040,149.1132420,House,3,2,2,"$450,000",Mar 2010,https://www.auhouseprices.com/sold/view/ACT/321117472/29+Rule+Street%2C+Isaacs+ACT/
296,2607,Isaacs,45,https://www.auhouseprices.com/sold/list/ACT/2607/Isaacs/,15 Walton Street ,-35.3730870,149.1136130,house,3,2,2,"$648,500",Mar 2010,https://www.auhouseprices.com/sold/view/ACT/321647472/15+Walton+Street%2C+Isaacs+ACT/
297,2607,Isaacs,45,https://www.auhouseprices.com/sold/list/ACT/2607/Isaacs/,41 Buntine Crescent ,-35.3715770,149.1158920,House,5,3,3,"$1,400,000",Mar 2010,https://www.auhouseprices.com/sold/view/ACT/321643582/41+Buntine+Crescent%2C+Isaacs+ACT/
298,2607,Isaacs,45,https://www.auhouseprices.com/sold/list/ACT/2607/Isaacs/,8 Kaeppel Place ,-35.3682850,149.1148880,house,4,2,2,"$720,000",22 Feb 2010,https://www.auhouseprices.com/sold/view/ACT/321038472/8+Kaeppel+Place%2C+Isaacs+ACT/
299,2607,Isaacs,45,https://www.auhouseprices.com/sold/list/ACT/2607/Isaacs/,3 Edney Place ,-35.3759890,149.1158690,townhouse,3,2,2,"$620,500",15 Feb 2010,https://www.auhouseprices.com/sold/view/ACT/321580472/3+Edney+Place%2C+Isaacs+ACT/
300,2607,Isaacs,45,https://www.auhouseprices.com/sold/list/ACT/2607/Isaacs/,5 Kane Place ,-35.3689680,149.1129040,house,3,2,2,"$575,000",15 Feb 2010,https://www.auhouseprices.com/sold/view/ACT/331330666/5+Kane+Place%2C+Isaacs+ACT/
301,2607,Isaacs,45,https://www.auhouseprices.com/sold/list/ACT/2607/Isaacs/,1 Rosson Place ,-35.3724320,149.1132950,house,3,2,2,"$585,000",15 Feb 2010,https://www.auhouseprices.com/sold/view/ACT/331102666/1+Rosson+Place%2C+Isaacs+ACT/
302,2607,Isaacs,45,https://www.auhouseprices.com/sold/list/ACT/2607/Isaacs/,4/51 Alexander Mackie Circuit ,-35.3749980,149.1134460,Unit,4,1,2,"$566,500",Feb 2010,https://www.auhouseprices.com/sold/view/ACT/321009472/4-51+Alexander+Mackie+Circuit%2C+Isaacs+ACT/
303,2607,Isaacs,45,https://www.auhouseprices.com/sold/list/ACT/2607/Isaacs/,22 Buntine Crescent ,-35.3707250,149.1150310,House,4,2,2,"$665,000",Feb 2010,https://www.auhouseprices.com/sold/view/ACT/321510472/22+Buntine+Crescent%2C+Isaacs+ACT/
304,2607,Isaacs,45,https://www.auhouseprices.com/sold/list/ACT/2607/Isaacs/,4/23 Shepherdson Place ,-35.3772730,149.1157510,townhouse,4,1,2,"$685,000",22 Jan 2010,https://www.auhouseprices.com/sold/view/ACT/331615666/4-23+Shepherdson+Place%2C+Isaacs+ACT/
305,2607,Isaacs,45,https://www.auhouseprices.com/sold/list/ACT/2607/Isaacs/,14 Walton Street ,-35.3730010,149.1133570,Townhouse,3,2,2,"$615,000",Jan 2010,https://www.auhouseprices.com/sold/view/ACT/331351766/14+Walton+Street%2C+Isaacs+ACT/
306,2607,Isaacs,45,https://www.auhouseprices.com/sold/list/ACT/2607/Isaacs/,6 Leeper Place ,-35.3708040,149.1126600,house,3,2,2,"$630,000",21 Dec 2009,https://www.auhouseprices.com/sold/view/ACT/331214836/6+Leeper+Place%2C+Isaacs+ACT/
307,2607,Isaacs,45,https://www.auhouseprices.com/sold/list/ACT/2607/Isaacs/,69 William Wilkins Crescent ,-35.3633730,149.1121230,house,4,3,2,"$1,155,000",19 Dec 2009,https://www.auhouseprices.com/sold/view/ACT/331761766/69+William+Wilkins+Crescent%2C+Isaacs+ACT/
308,2607,Isaacs,45,https://www.auhouseprices.com/sold/list/ACT/2607/Isaacs/,3 Hoy Place ,-35.3582170,149.1118100,house,4,2,2,"$994,000",30 Nov 2009,https://www.auhouseprices.com/sold/view/ACT/321920472/3+Hoy+Place%2C+Isaacs+ACT/
309,2607,Isaacs,45,https://www.auhouseprices.com/sold/list/ACT/2607/Isaacs/,6 MacLagan Street ,-35.3671470,149.1135430,House,4,2,2,"$880,000",Nov 2009,https://www.auhouseprices.com/sold/view/ACT/321978472/6+MacLagan+Street%2C+Isaacs+ACT/
310,2607,Isaacs,45,https://www.auhouseprices.com/sold/list/ACT/2607/Isaacs/,47 Buntine Crescent ,-35.3719430,149.1161630,House,4,2,3,"$945,000",Oct 2009,https://www.auhouseprices.com/sold/view/ACT/321830582/47+Buntine+Crescent%2C+Isaacs+ACT/
311,2607,Isaacs,45,https://www.auhouseprices.com/sold/list/ACT/2607/Isaacs/,4 Davitt Close ,-35.3739350,149.1137150,house,3,2,2,"$519,950",17 Sep 2009,https://www.auhouseprices.com/sold/view/ACT/321158472/4+Davitt+Close%2C+Isaacs+ACT/
312,2607,Isaacs,45,https://www.auhouseprices.com/sold/list/ACT/2607/Isaacs/,16 Rowntree Crescent ,-35.3757540,149.1170230,house,4,2,2,"$670,000",4 Sep 2009,https://www.auhouseprices.com/sold/view/ACT/321398472/16+Rowntree+Crescent%2C+Isaacs+ACT/
313,2607,Isaacs,45,https://www.auhouseprices.com/sold/list/ACT/2607/Isaacs/,25 Rowntree Crescent ,-35.3762940,149.1177910,House,4,2,3,"$935,000",1 Aug 2009,https://www.auhouseprices.com/sold/view/ACT/321899472/25+Rowntree+Crescent%2C+Isaacs+ACT/
314,2607,Isaacs,45,https://www.auhouseprices.com/sold/list/ACT/2607/Isaacs/,8/52 Hansen Circuit ,-35.3733900,149.1122230,Unit,3,2,2,"$670,000",1 Aug 2009,https://www.auhouseprices.com/sold/view/ACT/321403582/8-52+Hansen+Circuit%2C+Isaacs+ACT/
315,2607,Isaacs,45,https://www.auhouseprices.com/sold/list/ACT/2607/Isaacs/,5/84 Julia Flynn Avenue ,-35.3689300,149.1111740,townhouse,3,2,2,"$465,100",15 Jul 2009,https://www.auhouseprices.com/sold/view/ACT/321576582/5-84+Julia+Flynn+Avenue%2C+Isaacs+ACT/
316,2607,Isaacs,45,https://www.auhouseprices.com/sold/list/ACT/2607/Isaacs/,5B Buntine Crescent ,-35.3711030,149.1141440,house,4,2,2,"$595,000",9 Jul 2009,https://www.auhouseprices.com/sold/view/ACT/321050472/5B+Buntine+Crescent%2C+Isaacs+ACT/
317,2607,Isaacs,45,https://www.auhouseprices.com/sold/list/ACT/2607/Isaacs/,44 Hansen Circuit ,-35.3740590,149.1120840,House,4,2,2,"$670,000",Jun 2009,https://www.auhouseprices.com/sold/view/ACT/321950582/44+Hansen+Circuit%2C+Isaacs+ACT/
318,2607,Isaacs,45,https://www.auhouseprices.com/sold/list/ACT/2607/Isaacs/,3 Braim Place ,-35.3662620,149.1136190,House,5,3,2,"$1,150,000",Jun 2009,https://www.auhouseprices.com/sold/view/ACT/321370582/3+Braim+Place%2C+Isaacs+ACT/
319,2607,Isaacs,45,https://www.auhouseprices.com/sold/list/ACT/2607/Isaacs/,5/102 Julia Flynn Drive ,-35.3711950,149.1119940,townhouse,3,1,2,"$525,000",22 May 2009,https://www.auhouseprices.com/sold/view/ACT/321593582/5-102+Julia+Flynn+Drive%2C+Isaacs+ACT/
320,2607,Isaacs,45,https://www.auhouseprices.com/sold/list/ACT/2607/Isaacs/,35 Alexander MacKie Circuit ,-35.3744760,149.1121900,House,4,2,4,"$730,000",May 2009,https://www.auhouseprices.com/sold/view/ACT/321990472/35+Alexander+MacKie+Circuit%2C+Isaacs+ACT/
321,2607,Isaacs,45,https://www.auhouseprices.com/sold/list/ACT/2607/Isaacs/,2/88 Julia Flynn Avenue ,-35.3693920,149.1110820,Unit,3,2,2,"$465,000",May 2009,https://www.auhouseprices.com/sold/view/ACT/321722582/2-88+Julia+Flynn+Avenue%2C+Isaacs+ACT/
322,2607,Isaacs,45,https://www.auhouseprices.com/sold/list/ACT/2607/Isaacs/,1 Treacy Place ,-35.3730320,149.1147930,House,4,2,3,"$692,500",May 2009,https://www.auhouseprices.com/sold/view/ACT/321324582/1+Treacy+Place%2C+Isaacs+ACT/
323,2607,Isaacs,45,https://www.auhouseprices.com/sold/list/ACT/2607/Isaacs/,24 Whitty Crescent ,-35.3593250,149.1111450,House,5,3,2,"$735,000",Apr 2009,https://www.auhouseprices.com/sold/view/ACT/321183582/24+Whitty+Crescent%2C+Isaacs+ACT/
324,2607,Isaacs,45,https://www.auhouseprices.com/sold/list/ACT/2607/Isaacs/,54 William Wilkins Crescent ,-35.3624480,149.1115200,House,4,2,2,"$825,000",Mar 2009,https://www.auhouseprices.com/sold/view/ACT/321684582/54+William+Wilkins+Crescent%2C+Isaacs+ACT/
325,2607,Isaacs,45,https://www.auhouseprices.com/sold/list/ACT/2607/Isaacs/,30 Whitty Crescent ,-35.3598880,149.1110780,house,4,2,2,"$670,000",11 Feb 2009,https://www.auhouseprices.com/sold/view/ACT/321365582/30+Whitty+Crescent%2C+Isaacs+ACT/
326,2607,Isaacs,45,https://www.auhouseprices.com/sold/list/ACT/2607/Isaacs/,17/3 Shepherdson Place ,-35.3764530,149.1148190,Unit,3,2,2,"$395,000",Jan 2009,https://www.auhouseprices.com/sold/view/ACT/321286582/17-3+Shepherdson+Place%2C+Isaacs+ACT/
327,2607,Isaacs,45,https://www.auhouseprices.com/sold/list/ACT/2607/Isaacs/,9/3 Shepherdson Place ,-35.3764530,149.1148190,Unit,3,2,2,"$420,000",1 Nov 2008,https://www.auhouseprices.com/sold/view/ACT/321290472/9-3+Shepherdson+Place%2C+Isaacs+ACT/
328,2607,Isaacs,45,https://www.auhouseprices.com/sold/list/ACT/2607/Isaacs/,12 Ringrose Crescent ,-35.3657510,149.1109430,house,4,2,2,"$544,000",31 Oct 2008,https://www.auhouseprices.com/sold/view/ACT/321101582/12+Ringrose+Crescent%2C+Isaacs+ACT/
329,2607,Isaacs,45,https://www.auhouseprices.com/sold/list/ACT/2607/Isaacs/,34/28 Ringrose Crescent ,-35.3666610,149.1105560,house,3,2,1,"$440,000",16 Oct 2008,https://www.auhouseprices.com/sold/view/ACT/321871582/34-28+Ringrose+Crescent%2C+Isaacs+ACT/
330,2607,Isaacs,45,https://www.auhouseprices.com/sold/list/ACT/2607/Isaacs/,34/28 Ringrose Circuit ,-35.3667510,149.1109380,house,3,2,1,"$440,000",16 Oct 2008,https://www.auhouseprices.com/sold/view/ACT/321904582/34-28+Ringrose+Circuit%2C+Isaacs+ACT/
331,2607,Isaacs,45,https://www.auhouseprices.com/sold/list/ACT/2607/Isaacs/,5 Taplin Place ,-35.3620850,149.1109520,house,4,2,2,"$660,000",22 Sep 2008,https://www.auhouseprices.com/sold/view/ACT/321005582/5+Taplin+Place%2C+Isaacs+ACT/
332,2607,Isaacs,45,https://www.auhouseprices.com/sold/list/ACT/2607/Isaacs/,12/110 Julia Flynn Avenue ,-35.3716513,149.1126857,Unit,4,1,2,"$608,000",Aug 2008,https://www.auhouseprices.com/sold/view/ACT/321626582/12-110+Julia+Flynn+Avenue%2C+Isaacs+ACT/
333,2607,Isaacs,45,https://www.auhouseprices.com/sold/list/ACT/2607/Isaacs/,16 Walton Street ,-35.3731150,149.1131860,House,3,1,2,"$570,000",Jun 2008,https://www.auhouseprices.com/sold/view/ACT/321233582/16+Walton+Street%2C+Isaacs+ACT/
334,2607,Isaacs,45,https://www.auhouseprices.com/sold/list/ACT/2607/Isaacs/,3/88 Julia Flynn Avenue ,-35.3693920,149.1110820,Unit,3,2,2,"$485,500",May 2008,https://www.auhouseprices.com/sold/view/ACT/321353582/3-88+Julia+Flynn+Avenue%2C+Isaacs+ACT/
335,2607,Isaacs,45,https://www.auhouseprices.com/sold/list/ACT/2607/Isaacs/,3 Davitt Close ,-35.3738910,149.1143090,House,3,2,1,"$660,000",Apr 2008,https://www.auhouseprices.com/sold/view/ACT/321456582/3+Davitt+Close%2C+Isaacs+ACT/
336,2607,Isaacs,45,https://www.auhouseprices.com/sold/list/ACT/2607/Isaacs/,5 Satchell Place ,-35.3653570,149.1100580,House,3,1,1,"$490,000",1 Mar 2008,https://www.auhouseprices.com/sold/view/ACT/321017582/5+Satchell+Place%2C+Isaacs+ACT/
337,2607,Isaacs,45,https://www.auhouseprices.com/sold/list/ACT/2607/Isaacs/,4 Muecke Place ,-35.3627820,149.1123730,house,5,3,3,"$1,000,000",23 Feb 2008,https://www.auhouseprices.com/sold/view/ACT/321087582/4+Muecke+Place%2C+Isaacs+ACT/
338,2607,Isaacs,45,https://www.auhouseprices.com/sold/list/ACT/2607/Isaacs/,127 Julia Flynn Avenue ,-35.3718050,149.1150240,House,3,1,2,"$746,000",Feb 2008,https://www.auhouseprices.com/sold/view/ACT/331539566/127+Julia+Flynn+Avenue%2C+Isaacs+ACT/
339,2607,Isaacs,45,https://www.auhouseprices.com/sold/list/ACT/2607/Isaacs/,16/110 Julia Flynn Avenue ,-35.3716513,149.1126857,House,4,2,2,"$620,000",Feb 2008,https://www.auhouseprices.com/sold/view/ACT/331656666/16-110+Julia+Flynn+Avenue%2C+Isaacs+ACT/
340,2607,Isaacs,45,https://www.auhouseprices.com/sold/list/ACT/2607/Isaacs/,1 Rooney Place ,-35.3736620,149.1163470,House,4,2,2,"$834,300",2008,https://www.auhouseprices.com/sold/view/ACT/331879666/1+Rooney+Place%2C+Isaacs+ACT/
341,2607,Isaacs,45,https://www.auhouseprices.com/sold/list/ACT/2607/Isaacs/,56 Ngunawal Drive ,-35.3579780,149.1102390,House,4,3,2,"$980,000",1 Dec 2007,https://www.auhouseprices.com/sold/view/ACT/331562766/56+Ngunawal+Drive%2C+Isaacs+ACT/
342,2607,Isaacs,45,https://www.auhouseprices.com/sold/list/ACT/2607/Isaacs/,11/92 Julia Flynn Avenue ,-35.3698540,149.1109910,Unit,3,2,2,"$475,000",1 Dec 2007,https://www.auhouseprices.com/sold/view/ACT/331272766/11-92+Julia+Flynn+Avenue%2C+Isaacs+ACT/
343,2607,Isaacs,45,https://www.auhouseprices.com/sold/list/ACT/2607/Isaacs/,2 MacLagan Street ,-35.3669180,149.1131750,House,4,2,3,"$965,000",Nov 2007,https://www.auhouseprices.com/sold/view/ACT/321490582/2+MacLagan+Street%2C+Isaacs+ACT/
344,2607,Isaacs,45,https://www.auhouseprices.com/sold/list/ACT/2607/Isaacs/,10 Whinham Place ,-35.3763640,149.1157090,House,4,1,2,"$575,000",1 Sep 2007,https://www.auhouseprices.com/sold/view/ACT/321751582/10+Whinham+Place%2C+Isaacs+ACT/
345,2607,Isaacs,45,https://www.auhouseprices.com/sold/list/ACT/2607/Isaacs/,16 Gratton Place ,-35.3648700,149.1106560,House,3,2,2,"$500,000",1 Sep 2007,https://www.auhouseprices.com/sold/view/ACT/321291582/16+Gratton+Place%2C+Isaacs+ACT/
346,2607,Isaacs,45,https://www.auhouseprices.com/sold/list/ACT/2607/Isaacs/,7 Walton Street ,-35.3725700,149.1138440,House,4,1,2,"$635,000",Aug 2007,https://www.auhouseprices.com/sold/view/ACT/321696582/7+Walton+Street%2C+Isaacs+ACT/
347,2607,Isaacs,45,https://www.auhouseprices.com/sold/list/ACT/2607/Isaacs/,7/3 Hansen Circuit ,-35.3714570,149.1109180,unit,3,2,2,"$480,000",19 Jul 2007,https://www.auhouseprices.com/sold/view/ACT/321552582/7-3+Hansen+Circuit%2C+Isaacs+ACT/
348,2607,Isaacs,45,https://www.auhouseprices.com/sold/list/ACT/2607/Isaacs/,7 Venables Place ,-35.3664350,149.1122450,House,4,3,2,"$720,000",May 2007,https://www.auhouseprices.com/sold/view/ACT/321204582/7+Venables+Place%2C+Isaacs+ACT/
349,2607,Isaacs,45,https://www.auhouseprices.com/sold/list/ACT/2607/Isaacs/,7 Satchell Place ,-35.3654180,149.1102140,House,3,1,1,"$427,500",May 2007,https://www.auhouseprices.com/sold/view/ACT/321444582/7+Satchell+Place%2C+Isaacs+ACT/
350,2607,Isaacs,45,https://www.auhouseprices.com/sold/list/ACT/2607/Isaacs/,8 Rule Street ,-35.3696110,149.1122950,House,3,2,2,"$565,000",Apr 2007,https://www.auhouseprices.com/sold/view/ACT/321394582/8+Rule+Street%2C+Isaacs+ACT/
351,2607,Isaacs,45,https://www.auhouseprices.com/sold/list/ACT/2607/Isaacs/,11 Ringrose Crescent ,-35.3664110,149.1112810,House,3,1,2,"$510,000",Mar 2007,https://www.auhouseprices.com/sold/view/ACT/321933582/11+Ringrose+Crescent%2C+Isaacs+ACT/
352,2607,Isaacs,45,https://www.auhouseprices.com/sold/list/ACT/2607/Isaacs/,8 Dettmann Close ,-35.3694450,149.1142430,House,3,2,2,"$425,000",Feb 2007,https://www.auhouseprices.com/sold/view/ACT/321415582/8+Dettmann+Close%2C+Isaacs+ACT/
353,2607,Isaacs,45,https://www.auhouseprices.com/sold/list/ACT/2607/Isaacs/,3/84 Julia Flynn Avenue ,-35.3689300,149.1111740,Unit,3,2,4,"$388,000",Feb 2007,https://www.auhouseprices.com/sold/view/ACT/321535582/3-84+Julia+Flynn+Avenue%2C+Isaacs+ACT/
354,2607,Isaacs,45,https://www.auhouseprices.com/sold/list/ACT/2607/Isaacs/,27 Buntine Crescent ,-35.3701240,149.1156180,House,5,3,2,"$835,000",Dec 2006,https://www.auhouseprices.com/sold/view/ACT/321957582/27+Buntine+Crescent%2C+Isaacs+ACT/
355,2607,Isaacs,45,https://www.auhouseprices.com/sold/list/ACT/2607/Isaacs/,8/3 Shepherdson Place ,-35.3764530,149.1148190,Unit,3,1,1,"$340,000",Dec 2006,https://www.auhouseprices.com/sold/view/ACT/321787582/8-3+Shepherdson+Place%2C+Isaacs+ACT/
356,2607,Isaacs,45,https://www.auhouseprices.com/sold/list/ACT/2607/Isaacs/,59 Julia Flynn Avenue ,-35.3664680,149.1132080,House,4,3,3,"$690,000",Nov 2006,https://www.auhouseprices.com/sold/view/ACT/321717582/59+Julia+Flynn+Avenue%2C+Isaacs+ACT/
357,2607,Isaacs,45,https://www.auhouseprices.com/sold/list/ACT/2607/Isaacs/,3 Kane Place ,-35.3690030,149.1127060,House,3,2,2,"$490,000",Nov 2006,https://www.auhouseprices.com/sold/view/ACT/321108582/3+Kane+Place%2C+Isaacs+ACT/
358,2607,Isaacs,45,https://www.auhouseprices.com/sold/list/ACT/2607/Isaacs/,12 Whitty Crescent ,-35.3592210,149.1107880,House,5,2,2,"$820,000",Oct 2006,https://www.auhouseprices.com/sold/view/ACT/321998582/12+Whitty+Crescent%2C+Isaacs+ACT/
359,2607,Isaacs,45,https://www.auhouseprices.com/sold/list/ACT/2607/Isaacs/,17/52 Hansen Circuit ,-35.3740390,149.1123030,Unit,3,2,2,"$550,000",1 Jul 2006,https://www.auhouseprices.com/sold/view/ACT/321895582/17-52+Hansen+Circuit%2C+Isaacs+ACT/
360,2607,Isaacs,45,https://www.auhouseprices.com/sold/list/ACT/2607/Isaacs/,11 Broinowski Place ,-35.3734320,149.1176700,House,6,3,3,"$1,000,000",1 Jul 2006,https://www.auhouseprices.com/sold/view/ACT/321518582/11+Broinowski+Place%2C+Isaacs+ACT/
361,2607,Isaacs,45,https://www.auhouseprices.com/sold/list/ACT/2607/Isaacs/,19 Adkinson Close ,-35.3622740,149.1097100,House,4,2,2,"$935,000",May 2006,https://www.auhouseprices.com/sold/view/ACT/321377582/19+Adkinson+Close%2C+Isaacs+ACT/
362,2607,Isaacs,45,https://www.auhouseprices.com/sold/list/ACT/2607/Isaacs/,16 Alanson Place ,-35.3604880,149.1130020,House,5,1,2,"$1,550,000",1 Apr 2006,https://www.auhouseprices.com/sold/view/ACT/321679582/16+Alanson+Place%2C+Isaacs+ACT/
363,2607,Isaacs,45,https://www.auhouseprices.com/sold/list/ACT/2607/Isaacs/,25 Rule Street ,-35.3700040,149.1131440,House,3,2,1,"$455,000",1 Apr 2006,https://www.auhouseprices.com/sold/view/ACT/321099582/25+Rule+Street%2C+Isaacs+ACT/
364,2607,Isaacs,45,https://www.auhouseprices.com/sold/list/ACT/2607/Isaacs/,42 Rowntree Crescent ,-35.3750700,149.1161300,House,4,4,2,"$530,000",Nov 2005,https://www.auhouseprices.com/sold/view/ACT/321930682/42+Rowntree+Crescent%2C+Isaacs+ACT/
365,2607,Isaacs,45,https://www.auhouseprices.com/sold/list/ACT/2607/Isaacs/,4/6 Hoy Place ,-35.3584480,149.1122980,Townhouse,4,2,2,"$611,000",ep 2005,https://www.auhouseprices.com/sold/view/ACT/321851682/4-6+Hoy+Place%2C+Isaacs+ACT/
366,2607,Isaacs,45,https://www.auhouseprices.com/sold/list/ACT/2607/Isaacs/,7 Taber Place ,-35.3750980,149.1179580,House,4,2,2,"$615,000",ep 2005,https://www.auhouseprices.com/sold/view/ACT/321971682/7+Taber+Place%2C+Isaacs+ACT/
367,2607,Isaacs,45,https://www.auhouseprices.com/sold/list/ACT/2607/Isaacs/,36 Julia Flynn Avenue ,-35.3646720,149.1108630,House,4,2,2,"$772,500",Aug 2005,https://www.auhouseprices.com/sold/view/ACT/331659566/36+Julia+Flynn+Avenue%2C+Isaacs+ACT/
368,2607,Isaacs,45,https://www.auhouseprices.com/sold/list/ACT/2607/Isaacs/,9/28 Ringrose Crescent ,-35.3666610,149.1105560,Unit,3,1,1,"$335,000",Jun 2005,https://www.auhouseprices.com/sold/view/ACT/331899566/9-28+Ringrose+Crescent%2C+Isaacs+ACT/
369,2607,Isaacs,45,https://www.auhouseprices.com/sold/list/ACT/2607/Isaacs/,28 Shepherdson Place ,-35.3783900,149.1161930,House,4,2,2,"$1,050,000",May 2005,https://www.auhouseprices.com/sold/view/ACT/321029582/28+Shepherdson+Place%2C+Isaacs+ACT/
370,2607,Isaacs,45,https://www.auhouseprices.com/sold/list/ACT/2607/Isaacs/,24/28 Ringrose Crescent ,-35.3666610,149.1105560,Unit,3,2,1,"$333,500",Mar 2005,https://www.auhouseprices.com/sold/view/ACT/321134682/24-28+Ringrose+Crescent%2C+Isaacs+ACT/
371,2607,Isaacs,45,https://www.auhouseprices.com/sold/list/ACT/2607/Isaacs/,23 Rule Street ,-35.3699240,149.1130200,House,3,2,2,"$620,500",Feb 2005,https://www.auhouseprices.com/sold/view/ACT/321178582/23+Rule+Street%2C+Isaacs+ACT/
372,2607,Isaacs,45,https://www.auhouseprices.com/sold/list/ACT/2607/Isaacs/,14/52 Hansen Circuit ,-35.3740390,149.1123030,Unit,3,2,2,"$500,000",Feb 2005,https://www.auhouseprices.com/sold/view/ACT/321117682/14-52+Hansen+Circuit%2C+Isaacs+ACT/
373,2607,Isaacs,45,https://www.auhouseprices.com/sold/list/ACT/2607/Isaacs/,8 Hansen Circuit ,-35.3715600,149.1099590,House,4,1,2,"$470,000",Nov 2004,https://www.auhouseprices.com/sold/view/ACT/321470682/8+Hansen+Circuit%2C+Isaacs+ACT/
374,2607,Isaacs,45,https://www.auhouseprices.com/sold/list/ACT/2607/Isaacs/,56 Julia Flynn Avenue ,-35.3664680,149.1126210,House,4,2,2,"$569,000",Nov 2004,https://www.auhouseprices.com/sold/view/ACT/321784682/56+Julia+Flynn+Avenue%2C+Isaacs+ACT/
375,2607,Isaacs,45,https://www.auhouseprices.com/sold/list/ACT/2607/Isaacs/,12/45 Alexander Mackie Circuit ,-35.3751239,149.1131477,Unit,3,1,2,"$475,000",Nov 2004,https://www.auhouseprices.com/sold/view/ACT/321465682/12-45+Alexander+Mackie+Circuit%2C+Isaacs+ACT/
376,2607,Isaacs,45,https://www.auhouseprices.com/sold/list/ACT/2607/Isaacs/,19/28 Ringrose Crescent ,-35.3666610,149.1105560,Townhouse,3,2,1,"$545,000",Oct 2004,https://www.auhouseprices.com/sold/view/ACT/321559582/19-28+Ringrose+Crescent%2C+Isaacs+ACT/
377,2607,Isaacs,45,https://www.auhouseprices.com/sold/list/ACT/2607/Isaacs/,47 Alexander Mackie Circuit ,-35.3751570,149.1135165,House,4,1,2,"$508,000",Oct 2004,https://www.auhouseprices.com/sold/view/ACT/321350682/47+Alexander+Mackie+Circuit%2C+Isaacs+ACT/
378,2607,Isaacs,45,https://www.auhouseprices.com/sold/list/ACT/2607/Isaacs/,1/51 Alexander Mackie Circuit ,-35.3749980,149.1134460,Unit,4,1,2,"$490,000",Oct 2004,https://www.auhouseprices.com/sold/view/ACT/321647682/1-51+Alexander+Mackie+Circuit%2C+Isaacs+ACT/
379,2607,Isaacs,45,https://www.auhouseprices.com/sold/list/ACT/2607/Isaacs/,3/51 Alexander Mackie Circuit ,-35.3749980,149.1134460,Unit,3,1,2,"$470,000",Aug 2004,https://www.auhouseprices.com/sold/view/ACT/321201682/3-51+Alexander+Mackie+Circuit%2C+Isaacs+ACT/
380,2607,Isaacs,45,https://www.auhouseprices.com/sold/list/ACT/2607/Isaacs/,3/92 Julia Flynn Avenue ,-35.3698540,149.1109910,Unit,3,3,3,"$390,000",Jun 2004,https://www.auhouseprices.com/sold/view/ACT/321180682/3-92+Julia+Flynn+Avenue%2C+Isaacs+ACT/
381,2607,Isaacs,45,https://www.auhouseprices.com/sold/list/ACT/2607/Isaacs/,13/45 Alexander Mackie Circuit ,-35.3751239,149.1131477,Townhouse,3,1,2,"$430,000",Apr 2004,https://www.auhouseprices.com/sold/view/ACT/321693682/13-45+Alexander+Mackie+Circuit%2C+Isaacs+ACT/
382,2607,Isaacs,45,https://www.auhouseprices.com/sold/list/ACT/2607/Isaacs/,41 Alexander Mackie Circuit ,-35.3749661,149.1129625,House,4,1,2,"$520,000",Mar 2004,https://www.auhouseprices.com/sold/view/ACT/321374682/41+Alexander+Mackie+Circuit%2C+Isaacs+ACT/
383,2607,Isaacs,45,https://www.auhouseprices.com/sold/list/ACT/2607/Isaacs/,35 Rule Street ,-35.3706310,149.1134310,House,3,2,2,"$370,000",Feb 2004,https://www.auhouseprices.com/sold/view/ACT/321398682/35+Rule+Street%2C+Isaacs+ACT/
384,2607,Isaacs,45,https://www.auhouseprices.com/sold/list/ACT/2607/Isaacs/,11 Muecke Place ,-35.3628610,149.1129790,House,4,3,2,"$725,000",ep 2003,https://www.auhouseprices.com/sold/view/ACT/321151682/11+Muecke+Place%2C+Isaacs+ACT/
385,2607,Isaacs,45,https://www.auhouseprices.com/sold/list/ACT/2607/Isaacs/,5 Byatt Place ,-35.3746240,149.1112120,House,4,2,2,"$496,000",ep 2003,https://www.auhouseprices.com/sold/view/ACT/321568682/5+Byatt+Place%2C+Isaacs+ACT/
386,2607,Isaacs,45,https://www.auhouseprices.com/sold/list/ACT/2607/Isaacs/,5 Adkinson Close ,-35.3632050,149.1095240,House,5,2,2,"$448,100",1 Mar 2003,https://www.auhouseprices.com/sold/view/ACT/321072682/5+Adkinson+Close%2C+Isaacs+ACT/
387,2607,Isaacs,45,https://www.auhouseprices.com/sold/list/ACT/2607/Isaacs/,8 Huffer Close ,-35.3728690,149.1171210,House,1,1,1,"$835,000",Nov 2002,https://www.auhouseprices.com/sold/view/ACT/321175682/8+Huffer+Close%2C+Isaacs+ACT/
388,2607,Isaacs,45,https://www.auhouseprices.com/sold/list/ACT/2607/Isaacs/,152 Julia Flynn Avenue ,-35.3742720,149.1153930,House,3,2,2,"$442,000",Aug 2002,https://www.auhouseprices.com/sold/view/ACT/321453682/152+Julia+Flynn+Avenue%2C+Isaacs+ACT/
389,2607,Isaacs,45,https://www.auhouseprices.com/sold/list/ACT/2607/Isaacs/,34 Rowntree Crescent ,-35.3758510,149.1166350,House,4,2,3,"$350,000",1 Jun 2002,https://www.auhouseprices.com/sold/view/ACT/321477682/34+Rowntree+Crescent%2C+Isaacs+ACT/
390,2607,Isaacs,45,https://www.auhouseprices.com/sold/list/ACT/2607/Isaacs/,4 Leeper Place ,-35.3708880,149.1128480,House,3,2,2,"$288,000",Mar 2002,https://www.auhouseprices.com/sold/view/ACT/321623682/4+Leeper+Place%2C+Isaacs+ACT/
391,2607,Isaacs,45,https://www.auhouseprices.com/sold/list/ACT/2607/Isaacs/,7/88 Julia Flynn Avenue ,-35.3693920,149.1110820,Unit,3,2,2,"$220,000",Feb 2001,https://www.auhouseprices.com/sold/view/ACT/321858682/7-88+Julia+Flynn+Avenue%2C+Isaacs+ACT/
392,2607,Isaacs,45,https://www.auhouseprices.com/sold/list/ACT/2607/Isaacs/,77 Julia Flynn Avenue ,-35.3682660,149.1123510,House,3,1,1,"$316,000",Feb 2001,https://www.auhouseprices.com/sold/view/ACT/321369682/77+Julia+Flynn+Avenue%2C+Isaacs+ACT/
393,2607,Isaacs,45,https://www.auhouseprices.com/sold/list/ACT/2607/Isaacs/,33 Hansen Circuit ,-35.3736870,149.1117790,House,3,2,2,"$490,000",Feb 2001,https://www.auhouseprices.com/sold/view/ACT/321421782/33+Hansen+Circuit%2C+Isaacs+ACT/
394,2607,Isaacs,45,https://www.auhouseprices.com/sold/list/ACT/2607/Isaacs/,5/28 Ringrose Crescent ,-35.3666610,149.1105560,Unit,3,2,1,"$542,000",2001,https://www.auhouseprices.com/sold/view/ACT/321371782/5-28+Ringrose+Crescent%2C+Isaacs+ACT/
395,2607,Isaacs,45,https://www.auhouseprices.com/sold/list/ACT/2607/Isaacs/,130 Julia Flynn Avenue ,-35.3723610,149.1150090,House,3,2,2,"$260,000",Jun 2000,https://www.auhouseprices.com/sold/view/ACT/331222666/130+Julia+Flynn+Avenue%2C+Isaacs+ACT/
396,2607,Isaacs,45,https://www.auhouseprices.com/sold/list/ACT/2607/Isaacs/,12 Bromby Street ,-35.3623020,149.1077450,House,3,2,2,"$255,000",1 Apr 2000,https://www.auhouseprices.com/sold/view/ACT/331023666/12+Bromby+Street%2C+Isaacs+ACT/
397,2607,Isaacs,45,https://www.auhouseprices.com/sold/list/ACT/2607/Isaacs/,14 Maclagan Street ,-35.3677490,149.1140710,House,4,2,2,"$325,000",Mar 2000,https://www.auhouseprices.com/sold/view/ACT/331143666/14+Maclagan+Street%2C+Isaacs+ACT/
398,2607,Isaacs,45,https://www.auhouseprices.com/sold/list/ACT/2607/Isaacs/,49 Julia Flynn Avenue ,-35.3652840,149.1127030,House,4,3,2,"$265,000",Aug 1993,https://www.auhouseprices.com/sold/view/ACT/321992782/49+Julia+Flynn+Avenue%2C+Isaacs+ACT/
